ISO-10303-21;
HEADER;
/* Generated by software containing ST-Developer
 * from STEP Tools, Inc. (www.steptools.com) 
 */

FILE_DESCRIPTION(
/* description */ (''),
/* implementation_level */ '2;1');

FILE_NAME(
/* name */ 
'D:\\car2ner\\Projects_local\\cadmonster.org\\2021\\08\\2021-08-17 09-
52-36 197913\\work\\block.stp',
/* time_stamp */ '2021-08-17T11:50:40+03:00',
/* author */ ('comp3'),
/* organization */ (''),
/* preprocessor_version */ 'ST-DEVELOPER v18.1',
/* originating_system */ 'Autodesk Inventor 2021',
/* authorisation */ '');

FILE_SCHEMA (('AUTOMOTIVE_DESIGN { 1 0 10303 214 3 1 1 }'));
ENDSEC;

DATA;
#10=MECHANICAL_DESIGN_GEOMETRIC_PRESENTATION_REPRESENTATION('',(#141,#142,
#143,#144,#145,#146,#147,#148,#149,#150,#151,#152,#153,#154,#155,#156,#157,
#158,#159,#160,#161,#162,#163,#164,#165,#166,#167,#168,#169,#170,#171,#172,
#173,#174,#175,#176,#177,#178,#179,#180,#181,#182,#183,#184,#185,#186,#187,
#188,#189,#190,#191,#192,#193,#194,#195,#196,#197,#198,#199,#200,#201,#202,
#203,#204,#205,#206,#207,#208,#209,#210,#211,#212,#213,#214,#215,#216,#217,
#218,#219,#220,#221,#222,#223,#224,#225,#226,#227,#228,#229,#230,#231,#232,
#233,#234,#235,#236,#237,#238,#239,#240,#241,#242,#243,#244,#245,#246,#247,
#248,#249,#250,#251,#252,#253,#254),#5018);
#11=SHAPE_REPRESENTATION_RELATIONSHIP('SRR','None',#5025,#12);
#12=ADVANCED_BREP_SHAPE_REPRESENTATION('',(#34,#35,#36,#37,#38,#39,#40,
#41,#42,#43),#5017);
#13=B_SPLINE_CURVE_WITH_KNOTS('',3,(#4471,#4472,#4473,#4474,#4475,#4476,
#4477,#4478),.UNSPECIFIED.,.F.,.F.,(4,2,2,4),(0.700682154066054,1.39871394195577,
2.09807091293366,2.36815130320364),.UNSPECIFIED.);
#14=B_SPLINE_CURVE_WITH_KNOTS('',3,(#4486,#4487,#4488,#4489,#4490,#4491),
 .UNSPECIFIED.,.F.,.F.,(4,2,4),(14.9272814231901,15.0709011899156,15.6375857403097),
 .UNSPECIFIED.);
#15=B_SPLINE_CURVE_WITH_KNOTS('',3,(#4510,#4511,#4512,#4513,#4514,#4515),
 .UNSPECIFIED.,.F.,.F.,(4,2,4),(20.4405210613479,21.007205611742,21.1508253784675),
 .UNSPECIFIED.);
#16=B_SPLINE_CURVE_WITH_KNOTS('',3,(#4517,#4518,#4519,#4520,#4521,#4522,
#4523,#4524),.UNSPECIFIED.,.F.,.F.,(4,2,2,4),(8.72710049630257,8.99718088657254,
9.69653785755043,10.3945696454401),.UNSPECIFIED.);
#17=B_SPLINE_CURVE_WITH_KNOTS('',3,(#4539,#4540,#4541,#4542,#4543,#4544),
 .UNSPECIFIED.,.F.,.F.,(4,2,4),(14.9272814231901,15.0709011899156,15.6375857403097),
 .UNSPECIFIED.);
#18=B_SPLINE_CURVE_WITH_KNOTS('',3,(#4548,#4549,#4550,#4551,#4552,#4553,
#4554,#4555),.UNSPECIFIED.,.F.,.F.,(4,2,2,4),(11.7959339535723,12.493965741462,
13.1933227124399,13.4634031027098),.UNSPECIFIED.);
#19=B_SPLINE_CURVE_WITH_KNOTS('',3,(#4557,#4558,#4559,#4560,#4561,#4562,
#4563,#4564),.UNSPECIFIED.,.F.,.F.,(4,2,2,4),(-2.36815130320364,-2.09807091293366,
-1.39871394195578,-0.700682154066053),.UNSPECIFIED.);
#20=B_SPLINE_CURVE_WITH_KNOTS('',3,(#4567,#4568,#4569,#4570,#4571,#4572),
 .UNSPECIFIED.,.F.,.F.,(4,2,4),(20.4405210613479,21.007205611742,21.1508253784675),
 .UNSPECIFIED.);
#21=B_SPLINE_CURVE_WITH_KNOTS('',3,(#4647,#4648,#4649,#4650,#4651,#4652),
 .UNSPECIFIED.,.F.,.F.,(4,2,4),(14.9272814231901,15.0709011899156,15.6375857403097),
 .UNSPECIFIED.);
#22=B_SPLINE_CURVE_WITH_KNOTS('',3,(#4659,#4660,#4661,#4662,#4663,#4664,
#4665,#4666),.UNSPECIFIED.,.F.,.F.,(4,2,2,4),(0.700682154066054,1.39871394195578,
2.09807091293366,2.36815130320363),.UNSPECIFIED.);
#23=B_SPLINE_CURVE_WITH_KNOTS('',3,(#4674,#4675,#4676,#4677,#4678,#4679,
#4680,#4681),.UNSPECIFIED.,.F.,.F.,(4,2,2,4),(-2.36815130320364,-2.09807091293367,
-1.39871394195578,-0.700682154066054),.UNSPECIFIED.);
#24=B_SPLINE_CURVE_WITH_KNOTS('',3,(#4693,#4694,#4695,#4696,#4697,#4698),
 .UNSPECIFIED.,.F.,.F.,(4,2,4),(20.4405210613479,21.007205611742,21.1508253784675),
 .UNSPECIFIED.);
#25=B_SPLINE_CURVE_WITH_KNOTS('',3,(#4711,#4712,#4713,#4714,#4715,#4716),
 .UNSPECIFIED.,.F.,.F.,(4,2,4),(14.9272814231901,15.0709011899156,15.6375857403097),
 .UNSPECIFIED.);
#26=B_SPLINE_CURVE_WITH_KNOTS('',3,(#4720,#4721,#4722,#4723,#4724,#4725,
#4726,#4727),.UNSPECIFIED.,.F.,.F.,(4,2,2,4),(11.7959339535723,12.493965741462,
13.1933227124399,13.4634031027098),.UNSPECIFIED.);
#27=B_SPLINE_CURVE_WITH_KNOTS('',3,(#4729,#4730,#4731,#4732,#4733,#4734,
#4735,#4736),.UNSPECIFIED.,.F.,.F.,(4,2,2,4),(8.72710049630256,8.99718088657254,
9.69653785755042,10.3945696454401),.UNSPECIFIED.);
#28=B_SPLINE_CURVE_WITH_KNOTS('',3,(#4739,#4740,#4741,#4742,#4743,#4744),
 .UNSPECIFIED.,.F.,.F.,(4,2,4),(20.4405210613479,21.007205611742,21.1508253784675),
 .UNSPECIFIED.);
#29=B_SPLINE_CURVE_WITH_KNOTS('',3,(#4882,#4883,#4884,#4885,#4886,#4887,
#4888,#4889,#4890,#4891),.UNSPECIFIED.,.F.,.F.,(4,2,2,2,4),(15.6393196468064,
15.8129392426439,16.5549772953722,17.2970153481005,18.0390534008288),
 .UNSPECIFIED.);
#30=B_SPLINE_CURVE_WITH_KNOTS('',3,(#4895,#4896,#4897,#4898,#4899,#4900,
#4901,#4902,#4903,#4904,#4905,#4906,#4907,#4908,#4909,#4910,#4911,#4912),
 .UNSPECIFIED.,.F.,.F.,(4,2,2,2,2,2,2,2,4),(15.6393196468064,15.8129392426439,
16.5549772953722,17.2970153481005,18.0390534008288,18.7810914535571,19.5231295062854,
20.2651675590137,20.4387871548512),.UNSPECIFIED.);
#31=B_SPLINE_CURVE_WITH_KNOTS('',3,(#4916,#4917,#4918,#4919,#4920,#4921,
#4922,#4923,#4924,#4925,#4926,#4927,#4928,#4929,#4930,#4931,#4932,#4933),
 .UNSPECIFIED.,.F.,.F.,(4,2,2,2,2,2,2,2,4),(15.6393196468064,15.8129392426439,
16.5549772953722,17.2970153481005,18.0390534008288,18.7810914535571,19.5231295062854,
20.2651675590137,20.4387871548512),.UNSPECIFIED.);
#32=B_SPLINE_CURVE_WITH_KNOTS('',3,(#4937,#4938,#4939,#4940,#4941,#4942,
#4943,#4944,#4945,#4946,#4947,#4948,#4949,#4950,#4951,#4952,#4953,#4954),
 .UNSPECIFIED.,.F.,.F.,(4,2,2,2,2,2,2,2,4),(15.6393196468064,15.8129392426439,
16.5549772953722,17.2970153481005,18.0390534008288,18.7810914535571,19.5231295062854,
20.2651675590137,20.4387871548512),.UNSPECIFIED.);
#33=B_SPLINE_CURVE_WITH_KNOTS('',3,(#4957,#4958,#4959,#4960,#4961,#4962,
#4963,#4964,#4965,#4966),.UNSPECIFIED.,.F.,.F.,(4,2,2,2,4),(18.0390534008288,
18.7810914535571,19.5231295062854,20.2651675590137,20.4387871548512),
 .UNSPECIFIED.);
#34=MANIFOLD_SOLID_BREP('Volumenk\X\F6rper1',#2873);
#35=MANIFOLD_SOLID_BREP('Volumenk\X\F6rper1',#2874);
#36=MANIFOLD_SOLID_BREP('Volumenk\X\F6rper1',#2875);
#37=MANIFOLD_SOLID_BREP('Volumenk\X\F6rper1',#2876);
#38=MANIFOLD_SOLID_BREP('Volumenk\X\F6rper1',#2877);
#39=MANIFOLD_SOLID_BREP('Volumenk\X\F6rper1',#2878);
#40=MANIFOLD_SOLID_BREP('Volumenk\X\F6rper1',#2879);
#41=MANIFOLD_SOLID_BREP('Volumenk\X\F6rper1',#2880);
#42=MANIFOLD_SOLID_BREP('Volumenk\X\F6rper1',#2881);
#43=MANIFOLD_SOLID_BREP('Volumenk\X\F6rper1',#2882);
#44=ELLIPSE('',#2920,49.4974746830583,35.);
#45=ELLIPSE('',#2925,49.4974746830583,35.);
#46=ELLIPSE('',#2926,49.4974746830583,35.);
#47=ELLIPSE('',#2927,49.4974746830583,35.);
#48=ELLIPSE('',#2928,49.4974746830583,35.);
#49=ELLIPSE('',#2972,49.4974746830583,35.);
#50=ELLIPSE('',#2973,49.4974746830583,35.);
#51=ELLIPSE('',#2981,49.4974746830583,35.);
#52=ELLIPSE('',#2992,49.4974746830583,35.);
#53=ELLIPSE('',#2993,49.4974746830583,35.);
#54=ELLIPSE('',#2996,49.4974746830583,35.);
#55=ELLIPSE('',#3024,49.4974746830583,35.);
#56=ELLIPSE('',#3025,49.4974746830583,35.);
#57=ELLIPSE('',#3029,49.4974746830583,35.);
#58=ELLIPSE('',#3039,49.4974746830583,35.);
#59=ELLIPSE('',#3040,49.4974746830583,35.);
#60=ELLIPSE('',#3044,49.4974746830583,35.);
#61=ELLIPSE('',#3061,49.4974746830583,35.);
#62=ELLIPSE('',#3093,49.4974746830583,35.);
#63=ELLIPSE('',#3110,49.4974746830583,35.);
#64=ELLIPSE('',#3137,49.4974746830583,35.);
#65=CYLINDRICAL_SURFACE('',#2914,37.5);
#66=CYLINDRICAL_SURFACE('',#2919,35.);
#67=CYLINDRICAL_SURFACE('',#2923,35.);
#68=CYLINDRICAL_SURFACE('',#2929,35.);
#69=CYLINDRICAL_SURFACE('',#2933,37.5);
#70=CYLINDRICAL_SURFACE('',#2938,37.5);
#71=CYLINDRICAL_SURFACE('',#2939,35.);
#72=CYLINDRICAL_SURFACE('',#2944,35.);
#73=CYLINDRICAL_SURFACE('',#2945,37.5);
#74=CYLINDRICAL_SURFACE('',#2949,4.25);
#75=CYLINDRICAL_SURFACE('',#2951,4.25);
#76=CYLINDRICAL_SURFACE('',#2953,4.25);
#77=CYLINDRICAL_SURFACE('',#2955,4.25);
#78=CYLINDRICAL_SURFACE('',#2957,37.5);
#79=CYLINDRICAL_SURFACE('',#2965,37.5);
#80=CYLINDRICAL_SURFACE('',#2971,35.);
#81=CYLINDRICAL_SURFACE('',#2976,37.5);
#82=CYLINDRICAL_SURFACE('',#2980,35.);
#83=CYLINDRICAL_SURFACE('',#2982,35.);
#84=CYLINDRICAL_SURFACE('',#2983,4.25);
#85=CYLINDRICAL_SURFACE('',#2988,4.25);
#86=CYLINDRICAL_SURFACE('',#2990,35.);
#87=CYLINDRICAL_SURFACE('',#2994,35.);
#88=CYLINDRICAL_SURFACE('',#2999,37.5);
#89=CYLINDRICAL_SURFACE('',#3002,35.);
#90=CYLINDRICAL_SURFACE('',#3008,37.5);
#91=CYLINDRICAL_SURFACE('',#3015,37.5);
#92=CYLINDRICAL_SURFACE('',#3021,37.5);
#93=CYLINDRICAL_SURFACE('',#3023,35.);
#94=CYLINDRICAL_SURFACE('',#3028,35.);
#95=CYLINDRICAL_SURFACE('',#3030,35.);
#96=CYLINDRICAL_SURFACE('',#3031,4.25);
#97=CYLINDRICAL_SURFACE('',#3036,4.25);
#98=CYLINDRICAL_SURFACE('',#3038,35.);
#99=CYLINDRICAL_SURFACE('',#3042,35.);
#100=CYLINDRICAL_SURFACE('',#3047,37.5);
#101=CYLINDRICAL_SURFACE('',#3050,35.);
#102=CYLINDRICAL_SURFACE('',#3054,37.5);
#103=CYLINDRICAL_SURFACE('',#3060,35.);
#104=CYLINDRICAL_SURFACE('',#3065,37.5);
#105=CYLINDRICAL_SURFACE('',#3071,37.5);
#106=CYLINDRICAL_SURFACE('',#3073,35.);
#107=CYLINDRICAL_SURFACE('',#3075,4.25);
#108=CYLINDRICAL_SURFACE('',#3079,48.5);
#109=CYLINDRICAL_SURFACE('',#3080,48.5);
#110=CYLINDRICAL_SURFACE('',#3084,4.25);
#111=CYLINDRICAL_SURFACE('',#3086,37.5);
#112=CYLINDRICAL_SURFACE('',#3092,35.);
#113=CYLINDRICAL_SURFACE('',#3096,37.5);
#114=CYLINDRICAL_SURFACE('',#3100,35.);
#115=CYLINDRICAL_SURFACE('',#3107,37.5);
#116=CYLINDRICAL_SURFACE('',#3109,35.);
#117=CYLINDRICAL_SURFACE('',#3112,35.);
#118=CYLINDRICAL_SURFACE('',#3118,37.5);
#119=CYLINDRICAL_SURFACE('',#3119,4.25);
#120=CYLINDRICAL_SURFACE('',#3123,48.5);
#121=CYLINDRICAL_SURFACE('',#3124,48.5);
#122=CYLINDRICAL_SURFACE('',#3128,4.25);
#123=CYLINDRICAL_SURFACE('',#3132,37.5);
#124=CYLINDRICAL_SURFACE('',#3136,35.);
#125=CYLINDRICAL_SURFACE('',#3140,37.5);
#126=CYLINDRICAL_SURFACE('',#3144,35.);
#127=CYLINDRICAL_SURFACE('',#3159,51.);
#128=CYLINDRICAL_SURFACE('',#3160,7.5);
#129=CYLINDRICAL_SURFACE('',#3165,7.5);
#130=CYLINDRICAL_SURFACE('',#3170,7.5);
#131=CYLINDRICAL_SURFACE('',#3175,7.5);
#132=CYLINDRICAL_SURFACE('',#3180,4.25);
#133=CYLINDRICAL_SURFACE('',#3182,4.25);
#134=CYLINDRICAL_SURFACE('',#3184,4.25);
#135=CYLINDRICAL_SURFACE('',#3186,4.25);
#136=CYLINDRICAL_SURFACE('',#3188,48.5);
#137=CYLINDRICAL_SURFACE('',#3193,37.5);
#138=CYLINDRICAL_SURFACE('',#3195,37.5);
#139=CYLINDRICAL_SURFACE('',#3199,37.5);
#140=CYLINDRICAL_SURFACE('',#3202,37.5);
#141=STYLED_ITEM('',(#5035),#2725);
#142=STYLED_ITEM('',(#5035),#2726);
#143=STYLED_ITEM('',(#5035),#2727);
#144=STYLED_ITEM('',(#5035),#2728);
#145=STYLED_ITEM('',(#5035),#2729);
#146=STYLED_ITEM('',(#5035),#2730);
#147=STYLED_ITEM('',(#5035),#2731);
#148=STYLED_ITEM('',(#5035),#2732);
#149=STYLED_ITEM('',(#5035),#2733);
#150=STYLED_ITEM('',(#5035),#2734);
#151=STYLED_ITEM('',(#5035),#2735);
#152=STYLED_ITEM('',(#5035),#2736);
#153=STYLED_ITEM('',(#5035),#2737);
#154=STYLED_ITEM('',(#5035),#2738);
#155=STYLED_ITEM('',(#5035),#2739);
#156=STYLED_ITEM('',(#5035),#2740);
#157=STYLED_ITEM('',(#5035),#2745);
#158=STYLED_ITEM('',(#5035),#2746);
#159=STYLED_ITEM('',(#5035),#2747);
#160=STYLED_ITEM('',(#5035),#2748);
#161=STYLED_ITEM('',(#5035),#2750);
#162=STYLED_ITEM('',(#5035),#2751);
#163=STYLED_ITEM('',(#5035),#2752);
#164=STYLED_ITEM('',(#5035),#2753);
#165=STYLED_ITEM('',(#5035),#2754);
#166=STYLED_ITEM('',(#5035),#2755);
#167=STYLED_ITEM('',(#5035),#2756);
#168=STYLED_ITEM('',(#5035),#2757);
#169=STYLED_ITEM('',(#5035),#2758);
#170=STYLED_ITEM('',(#5035),#2763);
#171=STYLED_ITEM('',(#5035),#2764);
#172=STYLED_ITEM('',(#5035),#2765);
#173=STYLED_ITEM('',(#5035),#2766);
#174=STYLED_ITEM('',(#5035),#2767);
#175=STYLED_ITEM('',(#5035),#2768);
#176=STYLED_ITEM('',(#5035),#2769);
#177=STYLED_ITEM('',(#5035),#2770);
#178=STYLED_ITEM('',(#5035),#2771);
#179=STYLED_ITEM('',(#5035),#2774);
#180=STYLED_ITEM('',(#5035),#2775);
#181=STYLED_ITEM('',(#5035),#2776);
#182=STYLED_ITEM('',(#5035),#2777);
#183=STYLED_ITEM('',(#5035),#2778);
#184=STYLED_ITEM('',(#5035),#2779);
#185=STYLED_ITEM('',(#5035),#2780);
#186=STYLED_ITEM('',(#5035),#2781);
#187=STYLED_ITEM('',(#5035),#2782);
#188=STYLED_ITEM('',(#5035),#2787);
#189=STYLED_ITEM('',(#5035),#2788);
#190=STYLED_ITEM('',(#5035),#2789);
#191=STYLED_ITEM('',(#5035),#2790);
#192=STYLED_ITEM('',(#5035),#2791);
#193=STYLED_ITEM('',(#5035),#2792);
#194=STYLED_ITEM('',(#5035),#2793);
#195=STYLED_ITEM('',(#5035),#2794);
#196=STYLED_ITEM('',(#5035),#2795);
#197=STYLED_ITEM('',(#5035),#2798);
#198=STYLED_ITEM('',(#5035),#2799);
#199=STYLED_ITEM('',(#5035),#2800);
#200=STYLED_ITEM('',(#5035),#2801);
#201=STYLED_ITEM('',(#5035),#2802);
#202=STYLED_ITEM('',(#5035),#2803);
#203=STYLED_ITEM('',(#5035),#2804);
#204=STYLED_ITEM('',(#5035),#2805);
#205=STYLED_ITEM('',(#5035),#2808);
#206=STYLED_ITEM('',(#5035),#2809);
#207=STYLED_ITEM('',(#5035),#2812);
#208=STYLED_ITEM('',(#5035),#2813);
#209=STYLED_ITEM('',(#5035),#2814);
#210=STYLED_ITEM('',(#5035),#2815);
#211=STYLED_ITEM('',(#5035),#2816);
#212=STYLED_ITEM('',(#5035),#2817);
#213=STYLED_ITEM('',(#5035),#2818);
#214=STYLED_ITEM('',(#5035),#2819);
#215=STYLED_ITEM('',(#5035),#2822);
#216=STYLED_ITEM('',(#5035),#2823);
#217=STYLED_ITEM('',(#5035),#2824);
#218=STYLED_ITEM('',(#5035),#2825);
#219=STYLED_ITEM('',(#5035),#2826);
#220=STYLED_ITEM('',(#5035),#2827);
#221=STYLED_ITEM('',(#5035),#2828);
#222=STYLED_ITEM('',(#5035),#2829);
#223=STYLED_ITEM('',(#5035),#2832);
#224=STYLED_ITEM('',(#5035),#2833);
#225=STYLED_ITEM('',(#5035),#2836);
#226=STYLED_ITEM('',(#5035),#2837);
#227=STYLED_ITEM('',(#5035),#2838);
#228=STYLED_ITEM('',(#5035),#2839);
#229=STYLED_ITEM('',(#5035),#2840);
#230=STYLED_ITEM('',(#5035),#2841);
#231=STYLED_ITEM('',(#5035),#2842);
#232=STYLED_ITEM('',(#5035),#2843);
#233=STYLED_ITEM('',(#5035),#2845);
#234=STYLED_ITEM('',(#5035),#2846);
#235=STYLED_ITEM('',(#5035),#2847);
#236=STYLED_ITEM('',(#5035),#2860);
#237=STYLED_ITEM('',(#5035),#2861);
#238=STYLED_ITEM('',(#5035),#2862);
#239=STYLED_ITEM('',(#5035),#2863);
#240=STYLED_ITEM('',(#5035),#2864);
#241=STYLED_ITEM('',(#5035),#2865);
#242=STYLED_ITEM('',(#5035),#2866);
#243=STYLED_ITEM('',(#5035),#2867);
#244=STYLED_ITEM('',(#5035),#2868);
#245=STYLED_ITEM('',(#5034),#34);
#246=STYLED_ITEM('',(#5034),#35);
#247=STYLED_ITEM('',(#5034),#36);
#248=STYLED_ITEM('',(#5034),#37);
#249=STYLED_ITEM('',(#5034),#38);
#250=STYLED_ITEM('',(#5034),#39);
#251=STYLED_ITEM('',(#5034),#40);
#252=STYLED_ITEM('',(#5034),#41);
#253=STYLED_ITEM('',(#5034),#42);
#254=STYLED_ITEM('',(#5034),#43);
#255=FACE_BOUND('',#448,.T.);
#256=FACE_BOUND('',#450,.T.);
#257=FACE_BOUND('',#452,.T.);
#258=FACE_BOUND('',#454,.T.);
#259=FACE_BOUND('',#471,.T.);
#260=FACE_BOUND('',#479,.T.);
#261=FACE_BOUND('',#480,.T.);
#262=FACE_BOUND('',#481,.T.);
#263=FACE_BOUND('',#482,.T.);
#264=FACE_BOUND('',#483,.T.);
#265=FACE_BOUND('',#486,.T.);
#266=FACE_BOUND('',#498,.T.);
#267=FACE_BOUND('',#500,.T.);
#268=FACE_BOUND('',#512,.T.);
#269=FACE_BOUND('',#514,.T.);
#270=FACE_BOUND('',#526,.T.);
#271=FACE_BOUND('',#528,.T.);
#272=FACE_BOUND('',#540,.T.);
#273=FACE_BOUND('',#542,.T.);
#274=FACE_BOUND('',#553,.T.);
#275=FACE_BOUND('',#557,.T.);
#276=FACE_BOUND('',#568,.T.);
#277=FACE_BOUND('',#570,.T.);
#278=FACE_BOUND('',#581,.T.);
#279=FACE_BOUND('',#585,.T.);
#280=FACE_BOUND('',#596,.T.);
#281=FACE_BOUND('',#598,.T.);
#282=FACE_BOUND('',#599,.T.);
#283=FACE_BOUND('',#600,.T.);
#284=FACE_BOUND('',#601,.T.);
#285=FACE_BOUND('',#602,.T.);
#286=FACE_BOUND('',#604,.T.);
#287=FACE_BOUND('',#608,.T.);
#288=FACE_BOUND('',#611,.T.);
#289=FACE_BOUND('',#614,.T.);
#290=FACE_BOUND('',#617,.T.);
#291=FACE_BOUND('',#632,.T.);
#292=FACE_BOUND('',#634,.T.);
#293=FACE_BOUND('',#636,.T.);
#294=FACE_BOUND('',#638,.T.);
#295=FACE_OUTER_BOUND('',#447,.T.);
#296=FACE_OUTER_BOUND('',#449,.T.);
#297=FACE_OUTER_BOUND('',#451,.T.);
#298=FACE_OUTER_BOUND('',#453,.T.);
#299=FACE_OUTER_BOUND('',#455,.T.);
#300=FACE_OUTER_BOUND('',#456,.T.);
#301=FACE_OUTER_BOUND('',#457,.T.);
#302=FACE_OUTER_BOUND('',#458,.T.);
#303=FACE_OUTER_BOUND('',#459,.T.);
#304=FACE_OUTER_BOUND('',#460,.T.);
#305=FACE_OUTER_BOUND('',#461,.T.);
#306=FACE_OUTER_BOUND('',#462,.T.);
#307=FACE_OUTER_BOUND('',#463,.T.);
#308=FACE_OUTER_BOUND('',#464,.T.);
#309=FACE_OUTER_BOUND('',#465,.T.);
#310=FACE_OUTER_BOUND('',#466,.T.);
#311=FACE_OUTER_BOUND('',#467,.T.);
#312=FACE_OUTER_BOUND('',#468,.T.);
#313=FACE_OUTER_BOUND('',#469,.T.);
#314=FACE_OUTER_BOUND('',#470,.T.);
#315=FACE_OUTER_BOUND('',#472,.T.);
#316=FACE_OUTER_BOUND('',#473,.T.);
#317=FACE_OUTER_BOUND('',#474,.T.);
#318=FACE_OUTER_BOUND('',#475,.T.);
#319=FACE_OUTER_BOUND('',#476,.T.);
#320=FACE_OUTER_BOUND('',#477,.T.);
#321=FACE_OUTER_BOUND('',#478,.T.);
#322=FACE_OUTER_BOUND('',#484,.T.);
#323=FACE_OUTER_BOUND('',#485,.T.);
#324=FACE_OUTER_BOUND('',#487,.T.);
#325=FACE_OUTER_BOUND('',#488,.T.);
#326=FACE_OUTER_BOUND('',#489,.T.);
#327=FACE_OUTER_BOUND('',#490,.T.);
#328=FACE_OUTER_BOUND('',#491,.T.);
#329=FACE_OUTER_BOUND('',#492,.T.);
#330=FACE_OUTER_BOUND('',#493,.T.);
#331=FACE_OUTER_BOUND('',#494,.T.);
#332=FACE_OUTER_BOUND('',#495,.T.);
#333=FACE_OUTER_BOUND('',#496,.T.);
#334=FACE_OUTER_BOUND('',#497,.T.);
#335=FACE_OUTER_BOUND('',#499,.T.);
#336=FACE_OUTER_BOUND('',#501,.T.);
#337=FACE_OUTER_BOUND('',#502,.T.);
#338=FACE_OUTER_BOUND('',#503,.T.);
#339=FACE_OUTER_BOUND('',#504,.T.);
#340=FACE_OUTER_BOUND('',#505,.T.);
#341=FACE_OUTER_BOUND('',#506,.T.);
#342=FACE_OUTER_BOUND('',#507,.T.);
#343=FACE_OUTER_BOUND('',#508,.T.);
#344=FACE_OUTER_BOUND('',#509,.T.);
#345=FACE_OUTER_BOUND('',#510,.T.);
#346=FACE_OUTER_BOUND('',#511,.T.);
#347=FACE_OUTER_BOUND('',#513,.T.);
#348=FACE_OUTER_BOUND('',#515,.T.);
#349=FACE_OUTER_BOUND('',#516,.T.);
#350=FACE_OUTER_BOUND('',#517,.T.);
#351=FACE_OUTER_BOUND('',#518,.T.);
#352=FACE_OUTER_BOUND('',#519,.T.);
#353=FACE_OUTER_BOUND('',#520,.T.);
#354=FACE_OUTER_BOUND('',#521,.T.);
#355=FACE_OUTER_BOUND('',#522,.T.);
#356=FACE_OUTER_BOUND('',#523,.T.);
#357=FACE_OUTER_BOUND('',#524,.T.);
#358=FACE_OUTER_BOUND('',#525,.T.);
#359=FACE_OUTER_BOUND('',#527,.T.);
#360=FACE_OUTER_BOUND('',#529,.T.);
#361=FACE_OUTER_BOUND('',#530,.T.);
#362=FACE_OUTER_BOUND('',#531,.T.);
#363=FACE_OUTER_BOUND('',#532,.T.);
#364=FACE_OUTER_BOUND('',#533,.T.);
#365=FACE_OUTER_BOUND('',#534,.T.);
#366=FACE_OUTER_BOUND('',#535,.T.);
#367=FACE_OUTER_BOUND('',#536,.T.);
#368=FACE_OUTER_BOUND('',#537,.T.);
#369=FACE_OUTER_BOUND('',#538,.T.);
#370=FACE_OUTER_BOUND('',#539,.T.);
#371=FACE_OUTER_BOUND('',#541,.T.);
#372=FACE_OUTER_BOUND('',#543,.T.);
#373=FACE_OUTER_BOUND('',#544,.T.);
#374=FACE_OUTER_BOUND('',#545,.T.);
#375=FACE_OUTER_BOUND('',#546,.T.);
#376=FACE_OUTER_BOUND('',#547,.T.);
#377=FACE_OUTER_BOUND('',#548,.T.);
#378=FACE_OUTER_BOUND('',#549,.T.);
#379=FACE_OUTER_BOUND('',#550,.T.);
#380=FACE_OUTER_BOUND('',#551,.T.);
#381=FACE_OUTER_BOUND('',#552,.T.);
#382=FACE_OUTER_BOUND('',#554,.T.);
#383=FACE_OUTER_BOUND('',#555,.T.);
#384=FACE_OUTER_BOUND('',#556,.T.);
#385=FACE_OUTER_BOUND('',#558,.T.);
#386=FACE_OUTER_BOUND('',#559,.T.);
#387=FACE_OUTER_BOUND('',#560,.T.);
#388=FACE_OUTER_BOUND('',#561,.T.);
#389=FACE_OUTER_BOUND('',#562,.T.);
#390=FACE_OUTER_BOUND('',#563,.T.);
#391=FACE_OUTER_BOUND('',#564,.T.);
#392=FACE_OUTER_BOUND('',#565,.T.);
#393=FACE_OUTER_BOUND('',#566,.T.);
#394=FACE_OUTER_BOUND('',#567,.T.);
#395=FACE_OUTER_BOUND('',#569,.T.);
#396=FACE_OUTER_BOUND('',#571,.T.);
#397=FACE_OUTER_BOUND('',#572,.T.);
#398=FACE_OUTER_BOUND('',#573,.T.);
#399=FACE_OUTER_BOUND('',#574,.T.);
#400=FACE_OUTER_BOUND('',#575,.T.);
#401=FACE_OUTER_BOUND('',#576,.T.);
#402=FACE_OUTER_BOUND('',#577,.T.);
#403=FACE_OUTER_BOUND('',#578,.T.);
#404=FACE_OUTER_BOUND('',#579,.T.);
#405=FACE_OUTER_BOUND('',#580,.T.);
#406=FACE_OUTER_BOUND('',#582,.T.);
#407=FACE_OUTER_BOUND('',#583,.T.);
#408=FACE_OUTER_BOUND('',#584,.T.);
#409=FACE_OUTER_BOUND('',#586,.T.);
#410=FACE_OUTER_BOUND('',#587,.T.);
#411=FACE_OUTER_BOUND('',#588,.T.);
#412=FACE_OUTER_BOUND('',#589,.T.);
#413=FACE_OUTER_BOUND('',#590,.T.);
#414=FACE_OUTER_BOUND('',#591,.T.);
#415=FACE_OUTER_BOUND('',#592,.T.);
#416=FACE_OUTER_BOUND('',#593,.T.);
#417=FACE_OUTER_BOUND('',#594,.T.);
#418=FACE_OUTER_BOUND('',#595,.T.);
#419=FACE_OUTER_BOUND('',#597,.T.);
#420=FACE_OUTER_BOUND('',#603,.T.);
#421=FACE_OUTER_BOUND('',#605,.T.);
#422=FACE_OUTER_BOUND('',#606,.T.);
#423=FACE_OUTER_BOUND('',#607,.T.);
#424=FACE_OUTER_BOUND('',#609,.T.);
#425=FACE_OUTER_BOUND('',#610,.T.);
#426=FACE_OUTER_BOUND('',#612,.T.);
#427=FACE_OUTER_BOUND('',#613,.T.);
#428=FACE_OUTER_BOUND('',#615,.T.);
#429=FACE_OUTER_BOUND('',#616,.T.);
#430=FACE_OUTER_BOUND('',#618,.T.);
#431=FACE_OUTER_BOUND('',#619,.T.);
#432=FACE_OUTER_BOUND('',#620,.T.);
#433=FACE_OUTER_BOUND('',#621,.T.);
#434=FACE_OUTER_BOUND('',#622,.T.);
#435=FACE_OUTER_BOUND('',#623,.T.);
#436=FACE_OUTER_BOUND('',#624,.T.);
#437=FACE_OUTER_BOUND('',#625,.T.);
#438=FACE_OUTER_BOUND('',#626,.T.);
#439=FACE_OUTER_BOUND('',#627,.T.);
#440=FACE_OUTER_BOUND('',#628,.T.);
#441=FACE_OUTER_BOUND('',#629,.T.);
#442=FACE_OUTER_BOUND('',#630,.T.);
#443=FACE_OUTER_BOUND('',#631,.T.);
#444=FACE_OUTER_BOUND('',#633,.T.);
#445=FACE_OUTER_BOUND('',#635,.T.);
#446=FACE_OUTER_BOUND('',#637,.T.);
#447=EDGE_LOOP('',(#1861,#1862,#1863,#1864,#1865,#1866,#1867,#1868,#1869));
#448=EDGE_LOOP('',(#1870));
#449=EDGE_LOOP('',(#1871,#1872,#1873,#1874,#1875,#1876,#1877,#1878,#1879));
#450=EDGE_LOOP('',(#1880));
#451=EDGE_LOOP('',(#1881,#1882,#1883,#1884,#1885,#1886,#1887,#1888,#1889));
#452=EDGE_LOOP('',(#1890));
#453=EDGE_LOOP('',(#1891,#1892,#1893,#1894,#1895,#1896,#1897,#1898,#1899));
#454=EDGE_LOOP('',(#1900));
#455=EDGE_LOOP('',(#1901,#1902,#1903,#1904));
#456=EDGE_LOOP('',(#1905,#1906,#1907,#1908));
#457=EDGE_LOOP('',(#1909,#1910,#1911,#1912));
#458=EDGE_LOOP('',(#1913,#1914,#1915,#1916,#1917,#1918));
#459=EDGE_LOOP('',(#1919,#1920,#1921,#1922,#1923,#1924,#1925,#1926,#1927,
#1928,#1929,#1930));
#460=EDGE_LOOP('',(#1931,#1932,#1933,#1934));
#461=EDGE_LOOP('',(#1935,#1936,#1937,#1938));
#462=EDGE_LOOP('',(#1939,#1940,#1941,#1942));
#463=EDGE_LOOP('',(#1943,#1944,#1945,#1946));
#464=EDGE_LOOP('',(#1947,#1948,#1949,#1950));
#465=EDGE_LOOP('',(#1951,#1952,#1953,#1954,#1955));
#466=EDGE_LOOP('',(#1956,#1957,#1958,#1959));
#467=EDGE_LOOP('',(#1960,#1961,#1962,#1963,#1964,#1965));
#468=EDGE_LOOP('',(#1966,#1967,#1968,#1969));
#469=EDGE_LOOP('',(#1970,#1971,#1972,#1973));
#470=EDGE_LOOP('',(#1974));
#471=EDGE_LOOP('',(#1975));
#472=EDGE_LOOP('',(#1976,#1977,#1978,#1979));
#473=EDGE_LOOP('',(#1980,#1981,#1982,#1983));
#474=EDGE_LOOP('',(#1984,#1985,#1986,#1987));
#475=EDGE_LOOP('',(#1988,#1989,#1990,#1991));
#476=EDGE_LOOP('',(#1992,#1993,#1994,#1995));
#477=EDGE_LOOP('',(#1996,#1997,#1998,#1999,#2000,#2001));
#478=EDGE_LOOP('',(#2002,#2003,#2004,#2005));
#479=EDGE_LOOP('',(#2006));
#480=EDGE_LOOP('',(#2007));
#481=EDGE_LOOP('',(#2008));
#482=EDGE_LOOP('',(#2009));
#483=EDGE_LOOP('',(#2010));
#484=EDGE_LOOP('',(#2011,#2012,#2013,#2014,#2015,#2016));
#485=EDGE_LOOP('',(#2017,#2018,#2019,#2020,#2021,#2022,#2023,#2024,#2025));
#486=EDGE_LOOP('',(#2026));
#487=EDGE_LOOP('',(#2027,#2028,#2029,#2030));
#488=EDGE_LOOP('',(#2031,#2032,#2033,#2034));
#489=EDGE_LOOP('',(#2035,#2036,#2037,#2038));
#490=EDGE_LOOP('',(#2039,#2040,#2041,#2042,#2043));
#491=EDGE_LOOP('',(#2044,#2045,#2046,#2047));
#492=EDGE_LOOP('',(#2048,#2049,#2050,#2051));
#493=EDGE_LOOP('',(#2052,#2053,#2054,#2055));
#494=EDGE_LOOP('',(#2056,#2057,#2058,#2059,#2060));
#495=EDGE_LOOP('',(#2061,#2062,#2063));
#496=EDGE_LOOP('',(#2064,#2065,#2066,#2067));
#497=EDGE_LOOP('',(#2068,#2069,#2070,#2071,#2072,#2073,#2074,#2075));
#498=EDGE_LOOP('',(#2076));
#499=EDGE_LOOP('',(#2077,#2078,#2079,#2080,#2081,#2082,#2083,#2084));
#500=EDGE_LOOP('',(#2085));
#501=EDGE_LOOP('',(#2086,#2087,#2088,#2089));
#502=EDGE_LOOP('',(#2090,#2091,#2092));
#503=EDGE_LOOP('',(#2093,#2094,#2095,#2096,#2097));
#504=EDGE_LOOP('',(#2098,#2099,#2100,#2101));
#505=EDGE_LOOP('',(#2102,#2103,#2104,#2105));
#506=EDGE_LOOP('',(#2106,#2107,#2108,#2109));
#507=EDGE_LOOP('',(#2110,#2111,#2112,#2113,#2114));
#508=EDGE_LOOP('',(#2115,#2116,#2117,#2118));
#509=EDGE_LOOP('',(#2119,#2120,#2121,#2122));
#510=EDGE_LOOP('',(#2123,#2124,#2125,#2126));
#511=EDGE_LOOP('',(#2127,#2128,#2129,#2130,#2131,#2132,#2133,#2134,#2135));
#512=EDGE_LOOP('',(#2136));
#513=EDGE_LOOP('',(#2137,#2138,#2139,#2140,#2141,#2142,#2143,#2144,#2145));
#514=EDGE_LOOP('',(#2146));
#515=EDGE_LOOP('',(#2147,#2148,#2149,#2150));
#516=EDGE_LOOP('',(#2151,#2152,#2153,#2154));
#517=EDGE_LOOP('',(#2155,#2156,#2157,#2158));
#518=EDGE_LOOP('',(#2159,#2160,#2161,#2162));
#519=EDGE_LOOP('',(#2163,#2164,#2165,#2166));
#520=EDGE_LOOP('',(#2167,#2168,#2169,#2170,#2171));
#521=EDGE_LOOP('',(#2172,#2173,#2174,#2175));
#522=EDGE_LOOP('',(#2176,#2177,#2178));
#523=EDGE_LOOP('',(#2179,#2180,#2181,#2182,#2183));
#524=EDGE_LOOP('',(#2184,#2185,#2186,#2187));
#525=EDGE_LOOP('',(#2188,#2189,#2190,#2191,#2192,#2193,#2194,#2195));
#526=EDGE_LOOP('',(#2196));
#527=EDGE_LOOP('',(#2197,#2198,#2199,#2200,#2201,#2202,#2203,#2204));
#528=EDGE_LOOP('',(#2205));
#529=EDGE_LOOP('',(#2206,#2207,#2208,#2209));
#530=EDGE_LOOP('',(#2210,#2211,#2212,#2213,#2214));
#531=EDGE_LOOP('',(#2215,#2216,#2217));
#532=EDGE_LOOP('',(#2218,#2219,#2220,#2221));
#533=EDGE_LOOP('',(#2222,#2223,#2224,#2225));
#534=EDGE_LOOP('',(#2226,#2227,#2228,#2229));
#535=EDGE_LOOP('',(#2230,#2231,#2232,#2233,#2234));
#536=EDGE_LOOP('',(#2235,#2236,#2237,#2238));
#537=EDGE_LOOP('',(#2239,#2240,#2241,#2242));
#538=EDGE_LOOP('',(#2243,#2244,#2245,#2246));
#539=EDGE_LOOP('',(#2247,#2248,#2249,#2250,#2251,#2252,#2253,#2254,#2255));
#540=EDGE_LOOP('',(#2256));
#541=EDGE_LOOP('',(#2257,#2258,#2259,#2260,#2261,#2262,#2263,#2264));
#542=EDGE_LOOP('',(#2265));
#543=EDGE_LOOP('',(#2266,#2267,#2268,#2269));
#544=EDGE_LOOP('',(#2270,#2271,#2272,#2273));
#545=EDGE_LOOP('',(#2274,#2275,#2276,#2277,#2278));
#546=EDGE_LOOP('',(#2279,#2280,#2281,#2282));
#547=EDGE_LOOP('',(#2283,#2284,#2285,#2286));
#548=EDGE_LOOP('',(#2287,#2288,#2289,#2290,#2291));
#549=EDGE_LOOP('',(#2292,#2293,#2294,#2295));
#550=EDGE_LOOP('',(#2296,#2297,#2298,#2299));
#551=EDGE_LOOP('',(#2300,#2301,#2302,#2303));
#552=EDGE_LOOP('',(#2304,#2305,#2306,#2307,#2308));
#553=EDGE_LOOP('',(#2309));
#554=EDGE_LOOP('',(#2310,#2311,#2312,#2313,#2314,#2315,#2316));
#555=EDGE_LOOP('',(#2317,#2318,#2319,#2320,#2321,#2322,#2323));
#556=EDGE_LOOP('',(#2324,#2325,#2326,#2327,#2328));
#557=EDGE_LOOP('',(#2329));
#558=EDGE_LOOP('',(#2330,#2331,#2332,#2333));
#559=EDGE_LOOP('',(#2334,#2335,#2336,#2337,#2338));
#560=EDGE_LOOP('',(#2339,#2340,#2341,#2342));
#561=EDGE_LOOP('',(#2343,#2344,#2345,#2346));
#562=EDGE_LOOP('',(#2347,#2348,#2349,#2350));
#563=EDGE_LOOP('',(#2351,#2352,#2353,#2354));
#564=EDGE_LOOP('',(#2355,#2356,#2357,#2358,#2359));
#565=EDGE_LOOP('',(#2360,#2361,#2362,#2363));
#566=EDGE_LOOP('',(#2364,#2365,#2366,#2367));
#567=EDGE_LOOP('',(#2368,#2369,#2370,#2371,#2372,#2373,#2374,#2375));
#568=EDGE_LOOP('',(#2376));
#569=EDGE_LOOP('',(#2377,#2378,#2379,#2380,#2381,#2382,#2383,#2384));
#570=EDGE_LOOP('',(#2385));
#571=EDGE_LOOP('',(#2386,#2387,#2388,#2389));
#572=EDGE_LOOP('',(#2390,#2391,#2392,#2393,#2394));
#573=EDGE_LOOP('',(#2395,#2396,#2397,#2398));
#574=EDGE_LOOP('',(#2399,#2400,#2401,#2402));
#575=EDGE_LOOP('',(#2403,#2404,#2405,#2406));
#576=EDGE_LOOP('',(#2407,#2408,#2409,#2410));
#577=EDGE_LOOP('',(#2411,#2412,#2413,#2414));
#578=EDGE_LOOP('',(#2415,#2416,#2417,#2418,#2419));
#579=EDGE_LOOP('',(#2420,#2421,#2422,#2423));
#580=EDGE_LOOP('',(#2424,#2425,#2426,#2427,#2428));
#581=EDGE_LOOP('',(#2429));
#582=EDGE_LOOP('',(#2430,#2431,#2432,#2433,#2434,#2435,#2436));
#583=EDGE_LOOP('',(#2437,#2438,#2439,#2440,#2441,#2442,#2443));
#584=EDGE_LOOP('',(#2444,#2445,#2446,#2447,#2448));
#585=EDGE_LOOP('',(#2449));
#586=EDGE_LOOP('',(#2450,#2451,#2452,#2453));
#587=EDGE_LOOP('',(#2454,#2455,#2456,#2457));
#588=EDGE_LOOP('',(#2458,#2459,#2460,#2461,#2462));
#589=EDGE_LOOP('',(#2463,#2464,#2465,#2466));
#590=EDGE_LOOP('',(#2467,#2468,#2469,#2470));
#591=EDGE_LOOP('',(#2471,#2472,#2473,#2474));
#592=EDGE_LOOP('',(#2475,#2476,#2477,#2478,#2479));
#593=EDGE_LOOP('',(#2480,#2481,#2482,#2483));
#594=EDGE_LOOP('',(#2484,#2485,#2486,#2487));
#595=EDGE_LOOP('',(#2488,#2489,#2490,#2491,#2492,#2493,#2494,#2495));
#596=EDGE_LOOP('',(#2496));
#597=EDGE_LOOP('',(#2497,#2498,#2499,#2500));
#598=EDGE_LOOP('',(#2501,#2502));
#599=EDGE_LOOP('',(#2503,#2504));
#600=EDGE_LOOP('',(#2505,#2506));
#601=EDGE_LOOP('',(#2507,#2508));
#602=EDGE_LOOP('',(#2509));
#603=EDGE_LOOP('',(#2510));
#604=EDGE_LOOP('',(#2511));
#605=EDGE_LOOP('',(#2512,#2513,#2514,#2515));
#606=EDGE_LOOP('',(#2516,#2517,#2518,#2519,#2520,#2521));
#607=EDGE_LOOP('',(#2522,#2523));
#608=EDGE_LOOP('',(#2524));
#609=EDGE_LOOP('',(#2525,#2526,#2527,#2528,#2529,#2530));
#610=EDGE_LOOP('',(#2531,#2532));
#611=EDGE_LOOP('',(#2533));
#612=EDGE_LOOP('',(#2534,#2535,#2536,#2537,#2538,#2539));
#613=EDGE_LOOP('',(#2540,#2541));
#614=EDGE_LOOP('',(#2542));
#615=EDGE_LOOP('',(#2543,#2544,#2545,#2546,#2547,#2548));
#616=EDGE_LOOP('',(#2549,#2550));
#617=EDGE_LOOP('',(#2551));
#618=EDGE_LOOP('',(#2552,#2553,#2554,#2555));
#619=EDGE_LOOP('',(#2556,#2557,#2558,#2559));
#620=EDGE_LOOP('',(#2560,#2561,#2562,#2563));
#621=EDGE_LOOP('',(#2564,#2565,#2566,#2567));
#622=EDGE_LOOP('',(#2568,#2569,#2570,#2571,#2572,#2573,#2574,#2575,#2576,
#2577,#2578,#2579));
#623=EDGE_LOOP('',(#2580,#2581,#2582,#2583));
#624=EDGE_LOOP('',(#2584,#2585,#2586,#2587,#2588));
#625=EDGE_LOOP('',(#2589,#2590,#2591,#2592,#2593,#2594));
#626=EDGE_LOOP('',(#2595,#2596,#2597,#2598,#2599,#2600));
#627=EDGE_LOOP('',(#2601,#2602,#2603,#2604));
#628=EDGE_LOOP('',(#2605,#2606,#2607,#2608,#2609,#2610));
#629=EDGE_LOOP('',(#2611,#2612,#2613,#2614));
#630=EDGE_LOOP('',(#2615,#2616,#2617,#2618,#2619,#2620));
#631=EDGE_LOOP('',(#2621,#2622,#2623,#2624,#2625));
#632=EDGE_LOOP('',(#2626));
#633=EDGE_LOOP('',(#2627,#2628,#2629,#2630,#2631));
#634=EDGE_LOOP('',(#2632));
#635=EDGE_LOOP('',(#2633,#2634,#2635,#2636,#2637));
#636=EDGE_LOOP('',(#2638));
#637=EDGE_LOOP('',(#2639,#2640,#2641,#2642,#2643));
#638=EDGE_LOOP('',(#2644));
#639=CIRCLE('',#2903,35.);
#640=CIRCLE('',#2904,4.25);
#641=CIRCLE('',#2906,35.);
#642=CIRCLE('',#2907,4.25);
#643=CIRCLE('',#2909,35.);
#644=CIRCLE('',#2910,4.25);
#645=CIRCLE('',#2912,35.);
#646=CIRCLE('',#2913,4.25);
#647=CIRCLE('',#2915,37.5);
#648=CIRCLE('',#2916,37.5);
#649=CIRCLE('',#2918,35.);
#650=CIRCLE('',#2922,37.5);
#651=CIRCLE('',#2924,35.);
#652=CIRCLE('',#2930,35.);
#653=CIRCLE('',#2932,37.5);
#654=CIRCLE('',#2934,37.5);
#655=CIRCLE('',#2936,37.5);
#656=CIRCLE('',#2937,35.);
#657=CIRCLE('',#2940,35.);
#658=CIRCLE('',#2942,37.5);
#659=CIRCLE('',#2946,37.5);
#660=CIRCLE('',#2947,37.5);
#661=CIRCLE('',#2950,4.25);
#662=CIRCLE('',#2952,4.25);
#663=CIRCLE('',#2954,4.25);
#664=CIRCLE('',#2956,4.25);
#665=CIRCLE('',#2958,37.5);
#666=CIRCLE('',#2963,35.);
#667=CIRCLE('',#2964,4.25);
#668=CIRCLE('',#2966,37.5);
#669=CIRCLE('',#2967,37.5);
#670=CIRCLE('',#2969,35.);
#671=CIRCLE('',#2975,37.5);
#672=CIRCLE('',#2977,37.5);
#673=CIRCLE('',#2979,35.);
#674=CIRCLE('',#2984,4.25);
#675=CIRCLE('',#2987,4.25);
#676=CIRCLE('',#2989,4.25);
#677=CIRCLE('',#2991,35.);
#678=CIRCLE('',#2995,35.);
#679=CIRCLE('',#2998,37.5);
#680=CIRCLE('',#3000,37.5);
#681=CIRCLE('',#3003,35.);
#682=CIRCLE('',#3005,37.5);
#683=CIRCLE('',#3007,37.5);
#684=CIRCLE('',#3011,35.);
#685=CIRCLE('',#3012,4.25);
#686=CIRCLE('',#3014,37.5);
#687=CIRCLE('',#3016,37.5);
#688=CIRCLE('',#3018,37.5);
#689=CIRCLE('',#3020,35.);
#690=CIRCLE('',#3022,37.5);
#691=CIRCLE('',#3027,35.);
#692=CIRCLE('',#3032,4.25);
#693=CIRCLE('',#3035,4.25);
#694=CIRCLE('',#3037,4.25);
#695=CIRCLE('',#3041,35.);
#696=CIRCLE('',#3043,35.);
#697=CIRCLE('',#3046,37.5);
#698=CIRCLE('',#3048,37.5);
#699=CIRCLE('',#3051,35.);
#700=CIRCLE('',#3053,37.5);
#701=CIRCLE('',#3055,37.5);
#702=CIRCLE('',#3059,4.25);
#703=CIRCLE('',#3062,35.);
#704=CIRCLE('',#3064,37.5);
#705=CIRCLE('',#3066,37.5);
#706=CIRCLE('',#3069,37.5);
#707=CIRCLE('',#3070,35.);
#708=CIRCLE('',#3072,37.5);
#709=CIRCLE('',#3076,4.25);
#710=CIRCLE('',#3078,48.5);
#711=CIRCLE('',#3081,48.5);
#712=CIRCLE('',#3083,4.25);
#713=CIRCLE('',#3085,4.25);
#714=CIRCLE('',#3087,37.5);
#715=CIRCLE('',#3088,37.5);
#716=CIRCLE('',#3090,35.);
#717=CIRCLE('',#3095,37.5);
#718=CIRCLE('',#3097,37.5);
#719=CIRCLE('',#3099,35.);
#720=CIRCLE('',#3103,4.25);
#721=CIRCLE('',#3105,35.);
#722=CIRCLE('',#3106,37.5);
#723=CIRCLE('',#3108,37.5);
#724=CIRCLE('',#3113,35.);
#725=CIRCLE('',#3115,37.5);
#726=CIRCLE('',#3117,37.5);
#727=CIRCLE('',#3120,4.25);
#728=CIRCLE('',#3122,48.5);
#729=CIRCLE('',#3125,48.5);
#730=CIRCLE('',#3127,4.25);
#731=CIRCLE('',#3129,4.25);
#732=CIRCLE('',#3131,37.5);
#733=CIRCLE('',#3133,37.5);
#734=CIRCLE('',#3135,35.);
#735=CIRCLE('',#3139,37.5);
#736=CIRCLE('',#3141,37.5);
#737=CIRCLE('',#3143,35.);
#738=CIRCLE('',#3147,7.5);
#739=CIRCLE('',#3148,7.5);
#740=CIRCLE('',#3149,7.5);
#741=CIRCLE('',#3150,7.5);
#742=CIRCLE('',#3151,7.5);
#743=CIRCLE('',#3152,7.5);
#744=CIRCLE('',#3153,7.5);
#745=CIRCLE('',#3154,7.5);
#746=CIRCLE('',#3155,51.);
#747=CIRCLE('',#3157,51.);
#748=CIRCLE('',#3158,48.5);
#749=CIRCLE('',#3161,7.5);
#750=CIRCLE('',#3162,7.5);
#751=CIRCLE('',#3164,4.25);
#752=CIRCLE('',#3166,7.5);
#753=CIRCLE('',#3167,7.5);
#754=CIRCLE('',#3169,4.25);
#755=CIRCLE('',#3171,7.5);
#756=CIRCLE('',#3172,7.5);
#757=CIRCLE('',#3174,4.25);
#758=CIRCLE('',#3176,7.5);
#759=CIRCLE('',#3177,7.5);
#760=CIRCLE('',#3179,4.25);
#761=CIRCLE('',#3181,4.25);
#762=CIRCLE('',#3183,4.25);
#763=CIRCLE('',#3185,4.25);
#764=CIRCLE('',#3187,4.25);
#765=CIRCLE('',#3189,48.5);
#766=CIRCLE('',#3190,48.5);
#767=CIRCLE('',#3191,48.5);
#768=CIRCLE('',#3192,48.5);
#769=CIRCLE('',#3194,37.5);
#770=CIRCLE('',#3196,37.5);
#771=CIRCLE('',#3200,37.5);
#772=CIRCLE('',#3203,37.5);
#773=LINE('',#4045,#989);
#774=LINE('',#4047,#990);
#775=LINE('',#4049,#991);
#776=LINE('',#4051,#992);
#777=LINE('',#4053,#993);
#778=LINE('',#4055,#994);
#779=LINE('',#4057,#995);
#780=LINE('',#4059,#996);
#781=LINE('',#4066,#997);
#782=LINE('',#4068,#998);
#783=LINE('',#4070,#999);
#784=LINE('',#4074,#1000);
#785=LINE('',#4076,#1001);
#786=LINE('',#4078,#1002);
#787=LINE('',#4080,#1003);
#788=LINE('',#4081,#1004);
#789=LINE('',#4087,#1005);
#790=LINE('',#4089,#1006);
#791=LINE('',#4091,#1007);
#792=LINE('',#4093,#1008);
#793=LINE('',#4095,#1009);
#794=LINE('',#4097,#1010);
#795=LINE('',#4101,#1011);
#796=LINE('',#4102,#1012);
#797=LINE('',#4108,#1013);
#798=LINE('',#4112,#1014);
#799=LINE('',#4114,#1015);
#800=LINE('',#4116,#1016);
#801=LINE('',#4118,#1017);
#802=LINE('',#4120,#1018);
#803=LINE('',#4122,#1019);
#804=LINE('',#4123,#1020);
#805=LINE('',#4135,#1021);
#806=LINE('',#4137,#1022);
#807=LINE('',#4138,#1023);
#808=LINE('',#4144,#1024);
#809=LINE('',#4165,#1025);
#810=LINE('',#4166,#1026);
#811=LINE('',#4172,#1027);
#812=LINE('',#4177,#1028);
#813=LINE('',#4181,#1029);
#814=LINE('',#4185,#1030);
#815=LINE('',#4189,#1031);
#816=LINE('',#4195,#1032);
#817=LINE('',#4196,#1033);
#818=LINE('',#4198,#1034);
#819=LINE('',#4203,#1035);
#820=LINE('',#4205,#1036);
#821=LINE('',#4207,#1037);
#822=LINE('',#4211,#1038);
#823=LINE('',#4213,#1039);
#824=LINE('',#4215,#1040);
#825=LINE('',#4217,#1041);
#826=LINE('',#4218,#1042);
#827=LINE('',#4225,#1043);
#828=LINE('',#4229,#1044);
#829=LINE('',#4233,#1045);
#830=LINE('',#4234,#1046);
#831=LINE('',#4237,#1047);
#832=LINE('',#4244,#1048);
#833=LINE('',#4248,#1049);
#834=LINE('',#4252,#1050);
#835=LINE('',#4255,#1051);
#836=LINE('',#4260,#1052);
#837=LINE('',#4265,#1053);
#838=LINE('',#4267,#1054);
#839=LINE('',#4269,#1055);
#840=LINE('',#4271,#1056);
#841=LINE('',#4273,#1057);
#842=LINE('',#4275,#1058);
#843=LINE('',#4277,#1059);
#844=LINE('',#4278,#1060);
#845=LINE('',#4283,#1061);
#846=LINE('',#4294,#1062);
#847=LINE('',#4299,#1063);
#848=LINE('',#4303,#1064);
#849=LINE('',#4307,#1065);
#850=LINE('',#4308,#1066);
#851=LINE('',#4311,#1067);
#852=LINE('',#4315,#1068);
#853=LINE('',#4319,#1069);
#854=LINE('',#4322,#1070);
#855=LINE('',#4327,#1071);
#856=LINE('',#4331,#1072);
#857=LINE('',#4333,#1073);
#858=LINE('',#4335,#1074);
#859=LINE('',#4337,#1075);
#860=LINE('',#4339,#1076);
#861=LINE('',#4341,#1077);
#862=LINE('',#4342,#1078);
#863=LINE('',#4349,#1079);
#864=LINE('',#4350,#1080);
#865=LINE('',#4354,#1081);
#866=LINE('',#4357,#1082);
#867=LINE('',#4362,#1083);
#868=LINE('',#4365,#1084);
#869=LINE('',#4372,#1085);
#870=LINE('',#4375,#1086);
#871=LINE('',#4380,#1087);
#872=LINE('',#4384,#1088);
#873=LINE('',#4389,#1089);
#874=LINE('',#4391,#1090);
#875=LINE('',#4393,#1091);
#876=LINE('',#4395,#1092);
#877=LINE('',#4397,#1093);
#878=LINE('',#4399,#1094);
#879=LINE('',#4401,#1095);
#880=LINE('',#4402,#1096);
#881=LINE('',#4407,#1097);
#882=LINE('',#4412,#1098);
#883=LINE('',#4423,#1099);
#884=LINE('',#4427,#1100);
#885=LINE('',#4431,#1101);
#886=LINE('',#4432,#1102);
#887=LINE('',#4435,#1103);
#888=LINE('',#4439,#1104);
#889=LINE('',#4443,#1105);
#890=LINE('',#4446,#1106);
#891=LINE('',#4451,#1107);
#892=LINE('',#4453,#1108);
#893=LINE('',#4455,#1109);
#894=LINE('',#4457,#1110);
#895=LINE('',#4459,#1111);
#896=LINE('',#4461,#1112);
#897=LINE('',#4463,#1113);
#898=LINE('',#4464,#1114);
#899=LINE('',#4482,#1115);
#900=LINE('',#4493,#1116);
#901=LINE('',#4497,#1117);
#902=LINE('',#4498,#1118);
#903=LINE('',#4503,#1119);
#904=LINE('',#4509,#1120);
#905=LINE('',#4526,#1121);
#906=LINE('',#4530,#1122);
#907=LINE('',#4546,#1123);
#908=LINE('',#4566,#1124);
#909=LINE('',#4575,#1125);
#910=LINE('',#4577,#1126);
#911=LINE('',#4579,#1127);
#912=LINE('',#4580,#1128);
#913=LINE('',#4585,#1129);
#914=LINE('',#4590,#1130);
#915=LINE('',#4595,#1131);
#916=LINE('',#4599,#1132);
#917=LINE('',#4600,#1133);
#918=LINE('',#4603,#1134);
#919=LINE('',#4607,#1135);
#920=LINE('',#4611,#1136);
#921=LINE('',#4615,#1137);
#922=LINE('',#4618,#1138);
#923=LINE('',#4623,#1139);
#924=LINE('',#4625,#1140);
#925=LINE('',#4627,#1141);
#926=LINE('',#4629,#1142);
#927=LINE('',#4631,#1143);
#928=LINE('',#4633,#1144);
#929=LINE('',#4635,#1145);
#930=LINE('',#4636,#1146);
#931=LINE('',#4643,#1147);
#932=LINE('',#4654,#1148);
#933=LINE('',#4669,#1149);
#934=LINE('',#4670,#1150);
#935=LINE('',#4684,#1151);
#936=LINE('',#4689,#1152);
#937=LINE('',#4692,#1153);
#938=LINE('',#4702,#1154);
#939=LINE('',#4718,#1155);
#940=LINE('',#4738,#1156);
#941=LINE('',#4747,#1157);
#942=LINE('',#4749,#1158);
#943=LINE('',#4751,#1159);
#944=LINE('',#4752,#1160);
#945=LINE('',#4757,#1161);
#946=LINE('',#4762,#1162);
#947=LINE('',#4764,#1163);
#948=LINE('',#4767,#1164);
#949=LINE('',#4771,#1165);
#950=LINE('',#4775,#1166);
#951=LINE('',#4779,#1167);
#952=LINE('',#4783,#1168);
#953=LINE('',#4787,#1169);
#954=LINE('',#4790,#1170);
#955=LINE('',#4795,#1171);
#956=LINE('',#4797,#1172);
#957=LINE('',#4799,#1173);
#958=LINE('',#4800,#1174);
#959=LINE('',#4825,#1175);
#960=LINE('',#4828,#1176);
#961=LINE('',#4837,#1177);
#962=LINE('',#4846,#1178);
#963=LINE('',#4855,#1179);
#964=LINE('',#4864,#1180);
#965=LINE('',#4868,#1181);
#966=LINE('',#4872,#1182);
#967=LINE('',#4876,#1183);
#968=LINE('',#4880,#1184);
#969=LINE('',#4969,#1185);
#970=LINE('',#4972,#1186);
#971=LINE('',#4975,#1187);
#972=LINE('',#4977,#1188);
#973=LINE('',#4981,#1189);
#974=LINE('',#4983,#1190);
#975=LINE('',#4984,#1191);
#976=LINE('',#4985,#1192);
#977=LINE('',#4988,#1193);
#978=LINE('',#4989,#1194);
#979=LINE('',#4990,#1195);
#980=LINE('',#4993,#1196);
#981=LINE('',#4996,#1197);
#982=LINE('',#4999,#1198);
#983=LINE('',#5000,#1199);
#984=LINE('',#5001,#1200);
#985=LINE('',#5004,#1201);
#986=LINE('',#5007,#1202);
#987=LINE('',#5009,#1203);
#988=LINE('',#5010,#1204);
#989=VECTOR('',#3213,10.);
#990=VECTOR('',#3214,10.);
#991=VECTOR('',#3215,10.);
#992=VECTOR('',#3216,10.);
#993=VECTOR('',#3217,10.);
#994=VECTOR('',#3218,10.);
#995=VECTOR('',#3219,10.);
#996=VECTOR('',#3220,10.);
#997=VECTOR('',#3227,10.);
#998=VECTOR('',#3228,10.);
#999=VECTOR('',#3229,10.);
#1000=VECTOR('',#3232,10.);
#1001=VECTOR('',#3233,10.);
#1002=VECTOR('',#3234,10.);
#1003=VECTOR('',#3235,10.);
#1004=VECTOR('',#3236,10.);
#1005=VECTOR('',#3241,10.);
#1006=VECTOR('',#3242,10.);
#1007=VECTOR('',#3243,10.);
#1008=VECTOR('',#3244,10.);
#1009=VECTOR('',#3245,10.);
#1010=VECTOR('',#3246,10.);
#1011=VECTOR('',#3249,10.);
#1012=VECTOR('',#3250,10.);
#1013=VECTOR('',#3255,10.);
#1014=VECTOR('',#3258,10.);
#1015=VECTOR('',#3259,10.);
#1016=VECTOR('',#3260,10.);
#1017=VECTOR('',#3261,10.);
#1018=VECTOR('',#3262,10.);
#1019=VECTOR('',#3263,10.);
#1020=VECTOR('',#3264,10.);
#1021=VECTOR('',#3283,10.);
#1022=VECTOR('',#3284,10.);
#1023=VECTOR('',#3285,10.);
#1024=VECTOR('',#3292,35.);
#1025=VECTOR('',#3331,10.);
#1026=VECTOR('',#3332,10.);
#1027=VECTOR('',#3339,37.5);
#1028=VECTOR('',#3346,4.25);
#1029=VECTOR('',#3351,4.25);
#1030=VECTOR('',#3356,4.25);
#1031=VECTOR('',#3361,4.25);
#1032=VECTOR('',#3370,10.);
#1033=VECTOR('',#3371,10.);
#1034=VECTOR('',#3374,10.);
#1035=VECTOR('',#3379,10.);
#1036=VECTOR('',#3380,10.);
#1037=VECTOR('',#3381,10.);
#1038=VECTOR('',#3384,10.);
#1039=VECTOR('',#3385,10.);
#1040=VECTOR('',#3386,10.);
#1041=VECTOR('',#3387,10.);
#1042=VECTOR('',#3388,10.);
#1043=VECTOR('',#3395,10.);
#1044=VECTOR('',#3400,10.);
#1045=VECTOR('',#3405,10.);
#1046=VECTOR('',#3406,10.);
#1047=VECTOR('',#3409,10.);
#1048=VECTOR('',#3418,10.);
#1049=VECTOR('',#3423,10.);
#1050=VECTOR('',#3428,10.);
#1051=VECTOR('',#3433,10.);
#1052=VECTOR('',#3440,4.25);
#1053=VECTOR('',#3445,10.);
#1054=VECTOR('',#3446,10.);
#1055=VECTOR('',#3447,10.);
#1056=VECTOR('',#3448,10.);
#1057=VECTOR('',#3449,10.);
#1058=VECTOR('',#3450,10.);
#1059=VECTOR('',#3451,10.);
#1060=VECTOR('',#3452,10.);
#1061=VECTOR('',#3457,4.25);
#1062=VECTOR('',#3470,10.);
#1063=VECTOR('',#3477,10.);
#1064=VECTOR('',#3482,10.);
#1065=VECTOR('',#3487,10.);
#1066=VECTOR('',#3488,10.);
#1067=VECTOR('',#3491,10.);
#1068=VECTOR('',#3496,10.);
#1069=VECTOR('',#3501,10.);
#1070=VECTOR('',#3506,10.);
#1071=VECTOR('',#3511,10.);
#1072=VECTOR('',#3514,10.);
#1073=VECTOR('',#3515,10.);
#1074=VECTOR('',#3516,10.);
#1075=VECTOR('',#3517,10.);
#1076=VECTOR('',#3518,10.);
#1077=VECTOR('',#3519,10.);
#1078=VECTOR('',#3520,10.);
#1079=VECTOR('',#3527,10.);
#1080=VECTOR('',#3528,10.);
#1081=VECTOR('',#3533,10.);
#1082=VECTOR('',#3536,10.);
#1083=VECTOR('',#3543,10.);
#1084=VECTOR('',#3546,10.);
#1085=VECTOR('',#3555,10.);
#1086=VECTOR('',#3558,10.);
#1087=VECTOR('',#3567,10.);
#1088=VECTOR('',#3572,4.25);
#1089=VECTOR('',#3577,10.);
#1090=VECTOR('',#3578,10.);
#1091=VECTOR('',#3579,10.);
#1092=VECTOR('',#3580,10.);
#1093=VECTOR('',#3581,10.);
#1094=VECTOR('',#3582,10.);
#1095=VECTOR('',#3583,10.);
#1096=VECTOR('',#3584,10.);
#1097=VECTOR('',#3589,4.25);
#1098=VECTOR('',#3594,10.);
#1099=VECTOR('',#3609,10.);
#1100=VECTOR('',#3614,10.);
#1101=VECTOR('',#3619,10.);
#1102=VECTOR('',#3620,10.);
#1103=VECTOR('',#3623,10.);
#1104=VECTOR('',#3628,10.);
#1105=VECTOR('',#3633,10.);
#1106=VECTOR('',#3638,10.);
#1107=VECTOR('',#3643,10.);
#1108=VECTOR('',#3644,10.);
#1109=VECTOR('',#3645,10.);
#1110=VECTOR('',#3646,10.);
#1111=VECTOR('',#3647,10.);
#1112=VECTOR('',#3648,10.);
#1113=VECTOR('',#3649,10.);
#1114=VECTOR('',#3650,10.);
#1115=VECTOR('',#3661,10.);
#1116=VECTOR('',#3666,10.);
#1117=VECTOR('',#3671,10.);
#1118=VECTOR('',#3672,10.);
#1119=VECTOR('',#3677,10.);
#1120=VECTOR('',#3684,10.);
#1121=VECTOR('',#3689,10.);
#1122=VECTOR('',#3694,4.25);
#1123=VECTOR('',#3705,10.);
#1124=VECTOR('',#3706,10.);
#1125=VECTOR('',#3709,10.);
#1126=VECTOR('',#3710,10.);
#1127=VECTOR('',#3711,10.);
#1128=VECTOR('',#3712,10.);
#1129=VECTOR('',#3717,4.25);
#1130=VECTOR('',#3722,10.);
#1131=VECTOR('',#3729,10.);
#1132=VECTOR('',#3734,10.);
#1133=VECTOR('',#3735,10.);
#1134=VECTOR('',#3738,10.);
#1135=VECTOR('',#3743,10.);
#1136=VECTOR('',#3748,10.);
#1137=VECTOR('',#3753,10.);
#1138=VECTOR('',#3758,10.);
#1139=VECTOR('',#3763,10.);
#1140=VECTOR('',#3764,10.);
#1141=VECTOR('',#3765,10.);
#1142=VECTOR('',#3766,10.);
#1143=VECTOR('',#3767,10.);
#1144=VECTOR('',#3768,10.);
#1145=VECTOR('',#3769,10.);
#1146=VECTOR('',#3770,10.);
#1147=VECTOR('',#3777,10.);
#1148=VECTOR('',#3782,10.);
#1149=VECTOR('',#3791,10.);
#1150=VECTOR('',#3792,10.);
#1151=VECTOR('',#3799,10.);
#1152=VECTOR('',#3806,10.);
#1153=VECTOR('',#3809,10.);
#1154=VECTOR('',#3814,4.25);
#1155=VECTOR('',#3825,10.);
#1156=VECTOR('',#3826,10.);
#1157=VECTOR('',#3829,10.);
#1158=VECTOR('',#3830,10.);
#1159=VECTOR('',#3831,10.);
#1160=VECTOR('',#3832,10.);
#1161=VECTOR('',#3837,4.25);
#1162=VECTOR('',#3842,10.);
#1163=VECTOR('',#3845,10.);
#1164=VECTOR('',#3848,10.);
#1165=VECTOR('',#3853,10.);
#1166=VECTOR('',#3858,10.);
#1167=VECTOR('',#3863,10.);
#1168=VECTOR('',#3868,10.);
#1169=VECTOR('',#3873,10.);
#1170=VECTOR('',#3878,10.);
#1171=VECTOR('',#3883,10.);
#1172=VECTOR('',#3884,10.);
#1173=VECTOR('',#3885,10.);
#1174=VECTOR('',#3886,10.);
#1175=VECTOR('',#3913,51.);
#1176=VECTOR('',#3916,7.5);
#1177=VECTOR('',#3927,7.5);
#1178=VECTOR('',#3938,7.5);
#1179=VECTOR('',#3949,7.5);
#1180=VECTOR('',#3960,4.25);
#1181=VECTOR('',#3965,4.25);
#1182=VECTOR('',#3970,4.25);
#1183=VECTOR('',#3975,4.25);
#1184=VECTOR('',#3980,48.5);
#1185=VECTOR('',#3991,10.);
#1186=VECTOR('',#3994,10.);
#1187=VECTOR('',#3997,10.);
#1188=VECTOR('',#3998,10.);
#1189=VECTOR('',#4003,10.);
#1190=VECTOR('',#4004,10.);
#1191=VECTOR('',#4005,10.);
#1192=VECTOR('',#4006,10.);
#1193=VECTOR('',#4009,10.);
#1194=VECTOR('',#4010,10.);
#1195=VECTOR('',#4011,10.);
#1196=VECTOR('',#4014,10.);
#1197=VECTOR('',#4017,10.);
#1198=VECTOR('',#4020,10.);
#1199=VECTOR('',#4021,10.);
#1200=VECTOR('',#4022,10.);
#1201=VECTOR('',#4025,10.);
#1202=VECTOR('',#4028,10.);
#1203=VECTOR('',#4031,10.);
#1204=VECTOR('',#4032,10.);
#1205=VERTEX_POINT('',#4043);
#1206=VERTEX_POINT('',#4044);
#1207=VERTEX_POINT('',#4046);
#1208=VERTEX_POINT('',#4048);
#1209=VERTEX_POINT('',#4050);
#1210=VERTEX_POINT('',#4052);
#1211=VERTEX_POINT('',#4054);
#1212=VERTEX_POINT('',#4056);
#1213=VERTEX_POINT('',#4058);
#1214=VERTEX_POINT('',#4061);
#1215=VERTEX_POINT('',#4064);
#1216=VERTEX_POINT('',#4065);
#1217=VERTEX_POINT('',#4067);
#1218=VERTEX_POINT('',#4069);
#1219=VERTEX_POINT('',#4071);
#1220=VERTEX_POINT('',#4073);
#1221=VERTEX_POINT('',#4075);
#1222=VERTEX_POINT('',#4077);
#1223=VERTEX_POINT('',#4079);
#1224=VERTEX_POINT('',#4082);
#1225=VERTEX_POINT('',#4085);
#1226=VERTEX_POINT('',#4086);
#1227=VERTEX_POINT('',#4088);
#1228=VERTEX_POINT('',#4090);
#1229=VERTEX_POINT('',#4092);
#1230=VERTEX_POINT('',#4094);
#1231=VERTEX_POINT('',#4096);
#1232=VERTEX_POINT('',#4098);
#1233=VERTEX_POINT('',#4100);
#1234=VERTEX_POINT('',#4103);
#1235=VERTEX_POINT('',#4106);
#1236=VERTEX_POINT('',#4107);
#1237=VERTEX_POINT('',#4109);
#1238=VERTEX_POINT('',#4111);
#1239=VERTEX_POINT('',#4113);
#1240=VERTEX_POINT('',#4115);
#1241=VERTEX_POINT('',#4117);
#1242=VERTEX_POINT('',#4119);
#1243=VERTEX_POINT('',#4121);
#1244=VERTEX_POINT('',#4124);
#1245=VERTEX_POINT('',#4134);
#1246=VERTEX_POINT('',#4136);
#1247=VERTEX_POINT('',#4141);
#1248=VERTEX_POINT('',#4143);
#1249=VERTEX_POINT('',#4164);
#1250=VERTEX_POINT('',#4169);
#1251=VERTEX_POINT('',#4171);
#1252=VERTEX_POINT('',#4176);
#1253=VERTEX_POINT('',#4180);
#1254=VERTEX_POINT('',#4184);
#1255=VERTEX_POINT('',#4188);
#1256=VERTEX_POINT('',#4194);
#1257=VERTEX_POINT('',#4201);
#1258=VERTEX_POINT('',#4202);
#1259=VERTEX_POINT('',#4204);
#1260=VERTEX_POINT('',#4206);
#1261=VERTEX_POINT('',#4208);
#1262=VERTEX_POINT('',#4210);
#1263=VERTEX_POINT('',#4212);
#1264=VERTEX_POINT('',#4214);
#1265=VERTEX_POINT('',#4216);
#1266=VERTEX_POINT('',#4219);
#1267=VERTEX_POINT('',#4222);
#1268=VERTEX_POINT('',#4224);
#1269=VERTEX_POINT('',#4228);
#1270=VERTEX_POINT('',#4232);
#1271=VERTEX_POINT('',#4236);
#1272=VERTEX_POINT('',#4238);
#1273=VERTEX_POINT('',#4242);
#1274=VERTEX_POINT('',#4246);
#1275=VERTEX_POINT('',#4250);
#1276=VERTEX_POINT('',#4258);
#1277=VERTEX_POINT('',#4263);
#1278=VERTEX_POINT('',#4264);
#1279=VERTEX_POINT('',#4266);
#1280=VERTEX_POINT('',#4268);
#1281=VERTEX_POINT('',#4270);
#1282=VERTEX_POINT('',#4272);
#1283=VERTEX_POINT('',#4274);
#1284=VERTEX_POINT('',#4276);
#1285=VERTEX_POINT('',#4279);
#1286=VERTEX_POINT('',#4282);
#1287=VERTEX_POINT('',#4286);
#1288=VERTEX_POINT('',#4287);
#1289=VERTEX_POINT('',#4289);
#1290=VERTEX_POINT('',#4293);
#1291=VERTEX_POINT('',#4298);
#1292=VERTEX_POINT('',#4302);
#1293=VERTEX_POINT('',#4306);
#1294=VERTEX_POINT('',#4310);
#1295=VERTEX_POINT('',#4314);
#1296=VERTEX_POINT('',#4318);
#1297=VERTEX_POINT('',#4325);
#1298=VERTEX_POINT('',#4326);
#1299=VERTEX_POINT('',#4328);
#1300=VERTEX_POINT('',#4330);
#1301=VERTEX_POINT('',#4332);
#1302=VERTEX_POINT('',#4334);
#1303=VERTEX_POINT('',#4336);
#1304=VERTEX_POINT('',#4338);
#1305=VERTEX_POINT('',#4340);
#1306=VERTEX_POINT('',#4343);
#1307=VERTEX_POINT('',#4346);
#1308=VERTEX_POINT('',#4348);
#1309=VERTEX_POINT('',#4352);
#1310=VERTEX_POINT('',#4356);
#1311=VERTEX_POINT('',#4360);
#1312=VERTEX_POINT('',#4364);
#1313=VERTEX_POINT('',#4368);
#1314=VERTEX_POINT('',#4370);
#1315=VERTEX_POINT('',#4374);
#1316=VERTEX_POINT('',#4382);
#1317=VERTEX_POINT('',#4387);
#1318=VERTEX_POINT('',#4388);
#1319=VERTEX_POINT('',#4390);
#1320=VERTEX_POINT('',#4392);
#1321=VERTEX_POINT('',#4394);
#1322=VERTEX_POINT('',#4396);
#1323=VERTEX_POINT('',#4398);
#1324=VERTEX_POINT('',#4400);
#1325=VERTEX_POINT('',#4403);
#1326=VERTEX_POINT('',#4406);
#1327=VERTEX_POINT('',#4410);
#1328=VERTEX_POINT('',#4411);
#1329=VERTEX_POINT('',#4413);
#1330=VERTEX_POINT('',#4418);
#1331=VERTEX_POINT('',#4422);
#1332=VERTEX_POINT('',#4426);
#1333=VERTEX_POINT('',#4430);
#1334=VERTEX_POINT('',#4434);
#1335=VERTEX_POINT('',#4438);
#1336=VERTEX_POINT('',#4442);
#1337=VERTEX_POINT('',#4449);
#1338=VERTEX_POINT('',#4450);
#1339=VERTEX_POINT('',#4452);
#1340=VERTEX_POINT('',#4454);
#1341=VERTEX_POINT('',#4456);
#1342=VERTEX_POINT('',#4458);
#1343=VERTEX_POINT('',#4460);
#1344=VERTEX_POINT('',#4462);
#1345=VERTEX_POINT('',#4465);
#1346=VERTEX_POINT('',#4468);
#1347=VERTEX_POINT('',#4470);
#1348=VERTEX_POINT('',#4481);
#1349=VERTEX_POINT('',#4485);
#1350=VERTEX_POINT('',#4492);
#1351=VERTEX_POINT('',#4496);
#1352=VERTEX_POINT('',#4500);
#1353=VERTEX_POINT('',#4502);
#1354=VERTEX_POINT('',#4506);
#1355=VERTEX_POINT('',#4508);
#1356=VERTEX_POINT('',#4528);
#1357=VERTEX_POINT('',#4535);
#1358=VERTEX_POINT('',#4536);
#1359=VERTEX_POINT('',#4538);
#1360=VERTEX_POINT('',#4545);
#1361=VERTEX_POINT('',#4547);
#1362=VERTEX_POINT('',#4556);
#1363=VERTEX_POINT('',#4565);
#1364=VERTEX_POINT('',#4574);
#1365=VERTEX_POINT('',#4576);
#1366=VERTEX_POINT('',#4578);
#1367=VERTEX_POINT('',#4581);
#1368=VERTEX_POINT('',#4584);
#1369=VERTEX_POINT('',#4588);
#1370=VERTEX_POINT('',#4589);
#1371=VERTEX_POINT('',#4594);
#1372=VERTEX_POINT('',#4598);
#1373=VERTEX_POINT('',#4602);
#1374=VERTEX_POINT('',#4606);
#1375=VERTEX_POINT('',#4610);
#1376=VERTEX_POINT('',#4614);
#1377=VERTEX_POINT('',#4621);
#1378=VERTEX_POINT('',#4622);
#1379=VERTEX_POINT('',#4624);
#1380=VERTEX_POINT('',#4626);
#1381=VERTEX_POINT('',#4628);
#1382=VERTEX_POINT('',#4630);
#1383=VERTEX_POINT('',#4632);
#1384=VERTEX_POINT('',#4634);
#1385=VERTEX_POINT('',#4637);
#1386=VERTEX_POINT('',#4640);
#1387=VERTEX_POINT('',#4642);
#1388=VERTEX_POINT('',#4646);
#1389=VERTEX_POINT('',#4653);
#1390=VERTEX_POINT('',#4657);
#1391=VERTEX_POINT('',#4668);
#1392=VERTEX_POINT('',#4672);
#1393=VERTEX_POINT('',#4683);
#1394=VERTEX_POINT('',#4687);
#1395=VERTEX_POINT('',#4691);
#1396=VERTEX_POINT('',#4700);
#1397=VERTEX_POINT('',#4707);
#1398=VERTEX_POINT('',#4708);
#1399=VERTEX_POINT('',#4710);
#1400=VERTEX_POINT('',#4717);
#1401=VERTEX_POINT('',#4719);
#1402=VERTEX_POINT('',#4728);
#1403=VERTEX_POINT('',#4737);
#1404=VERTEX_POINT('',#4746);
#1405=VERTEX_POINT('',#4748);
#1406=VERTEX_POINT('',#4750);
#1407=VERTEX_POINT('',#4753);
#1408=VERTEX_POINT('',#4756);
#1409=VERTEX_POINT('',#4760);
#1410=VERTEX_POINT('',#4761);
#1411=VERTEX_POINT('',#4766);
#1412=VERTEX_POINT('',#4770);
#1413=VERTEX_POINT('',#4774);
#1414=VERTEX_POINT('',#4778);
#1415=VERTEX_POINT('',#4782);
#1416=VERTEX_POINT('',#4786);
#1417=VERTEX_POINT('',#4793);
#1418=VERTEX_POINT('',#4794);
#1419=VERTEX_POINT('',#4796);
#1420=VERTEX_POINT('',#4798);
#1421=VERTEX_POINT('',#4801);
#1422=VERTEX_POINT('',#4802);
#1423=VERTEX_POINT('',#4805);
#1424=VERTEX_POINT('',#4806);
#1425=VERTEX_POINT('',#4809);
#1426=VERTEX_POINT('',#4810);
#1427=VERTEX_POINT('',#4813);
#1428=VERTEX_POINT('',#4814);
#1429=VERTEX_POINT('',#4817);
#1430=VERTEX_POINT('',#4820);
#1431=VERTEX_POINT('',#4822);
#1432=VERTEX_POINT('',#4827);
#1433=VERTEX_POINT('',#4829);
#1434=VERTEX_POINT('',#4833);
#1435=VERTEX_POINT('',#4836);
#1436=VERTEX_POINT('',#4838);
#1437=VERTEX_POINT('',#4842);
#1438=VERTEX_POINT('',#4845);
#1439=VERTEX_POINT('',#4847);
#1440=VERTEX_POINT('',#4851);
#1441=VERTEX_POINT('',#4854);
#1442=VERTEX_POINT('',#4856);
#1443=VERTEX_POINT('',#4860);
#1444=VERTEX_POINT('',#4863);
#1445=VERTEX_POINT('',#4867);
#1446=VERTEX_POINT('',#4871);
#1447=VERTEX_POINT('',#4875);
#1448=VERTEX_POINT('',#4879);
#1449=VERTEX_POINT('',#4881);
#1450=VERTEX_POINT('',#4892);
#1451=VERTEX_POINT('',#4894);
#1452=VERTEX_POINT('',#4913);
#1453=VERTEX_POINT('',#4915);
#1454=VERTEX_POINT('',#4934);
#1455=VERTEX_POINT('',#4936);
#1456=VERTEX_POINT('',#4955);
#1457=VERTEX_POINT('',#4968);
#1458=VERTEX_POINT('',#4970);
#1459=VERTEX_POINT('',#4974);
#1460=VERTEX_POINT('',#4976);
#1461=VERTEX_POINT('',#4980);
#1462=VERTEX_POINT('',#4982);
#1463=VERTEX_POINT('',#4987);
#1464=VERTEX_POINT('',#4992);
#1465=VERTEX_POINT('',#4994);
#1466=VERTEX_POINT('',#4998);
#1467=VERTEX_POINT('',#5003);
#1468=VERTEX_POINT('',#5005);
#1469=EDGE_CURVE('',#1205,#1206,#773,.T.);
#1470=EDGE_CURVE('',#1207,#1205,#774,.T.);
#1471=EDGE_CURVE('',#1208,#1207,#775,.T.);
#1472=EDGE_CURVE('',#1209,#1208,#776,.T.);
#1473=EDGE_CURVE('',#1210,#1209,#777,.T.);
#1474=EDGE_CURVE('',#1211,#1210,#778,.T.);
#1475=EDGE_CURVE('',#1212,#1211,#779,.T.);
#1476=EDGE_CURVE('',#1213,#1212,#780,.T.);
#1477=EDGE_CURVE('',#1206,#1213,#639,.T.);
#1478=EDGE_CURVE('',#1214,#1214,#640,.T.);
#1479=EDGE_CURVE('',#1215,#1216,#781,.T.);
#1480=EDGE_CURVE('',#1217,#1215,#782,.T.);
#1481=EDGE_CURVE('',#1218,#1217,#783,.T.);
#1482=EDGE_CURVE('',#1219,#1218,#641,.T.);
#1483=EDGE_CURVE('',#1220,#1219,#784,.T.);
#1484=EDGE_CURVE('',#1221,#1220,#785,.T.);
#1485=EDGE_CURVE('',#1222,#1221,#786,.T.);
#1486=EDGE_CURVE('',#1223,#1222,#787,.T.);
#1487=EDGE_CURVE('',#1216,#1223,#788,.T.);
#1488=EDGE_CURVE('',#1224,#1224,#642,.T.);
#1489=EDGE_CURVE('',#1225,#1226,#789,.T.);
#1490=EDGE_CURVE('',#1227,#1225,#790,.T.);
#1491=EDGE_CURVE('',#1228,#1227,#791,.T.);
#1492=EDGE_CURVE('',#1229,#1228,#792,.T.);
#1493=EDGE_CURVE('',#1230,#1229,#793,.T.);
#1494=EDGE_CURVE('',#1231,#1230,#794,.T.);
#1495=EDGE_CURVE('',#1232,#1231,#643,.T.);
#1496=EDGE_CURVE('',#1233,#1232,#795,.T.);
#1497=EDGE_CURVE('',#1226,#1233,#796,.T.);
#1498=EDGE_CURVE('',#1234,#1234,#644,.T.);
#1499=EDGE_CURVE('',#1235,#1236,#797,.T.);
#1500=EDGE_CURVE('',#1237,#1235,#645,.T.);
#1501=EDGE_CURVE('',#1238,#1237,#798,.T.);
#1502=EDGE_CURVE('',#1239,#1238,#799,.T.);
#1503=EDGE_CURVE('',#1240,#1239,#800,.T.);
#1504=EDGE_CURVE('',#1241,#1240,#801,.T.);
#1505=EDGE_CURVE('',#1242,#1241,#802,.T.);
#1506=EDGE_CURVE('',#1243,#1242,#803,.T.);
#1507=EDGE_CURVE('',#1236,#1243,#804,.T.);
#1508=EDGE_CURVE('',#1244,#1244,#646,.T.);
#1509=EDGE_CURVE('',#1239,#1229,#647,.T.);
#1510=EDGE_CURVE('',#1240,#1228,#648,.T.);
#1511=EDGE_CURVE('',#1230,#1238,#649,.T.);
#1512=EDGE_CURVE('',#1237,#1231,#44,.T.);
#1513=EDGE_CURVE('',#1245,#1209,#805,.T.);
#1514=EDGE_CURVE('',#1246,#1245,#806,.T.);
#1515=EDGE_CURVE('',#1223,#1246,#807,.T.);
#1516=EDGE_CURVE('',#1222,#1210,#650,.T.);
#1517=EDGE_CURVE('',#1247,#1247,#651,.T.);
#1518=EDGE_CURVE('',#1247,#1248,#808,.T.);
#1519=EDGE_CURVE('',#1206,#1248,#45,.T.);
#1520=EDGE_CURVE('',#1219,#1213,#46,.T.);
#1521=EDGE_CURVE('',#1232,#1218,#47,.T.);
#1522=EDGE_CURVE('',#1248,#1235,#48,.T.);
#1523=EDGE_CURVE('',#1217,#1233,#652,.T.);
#1524=EDGE_CURVE('',#1226,#1215,#653,.T.);
#1525=EDGE_CURVE('',#1225,#1216,#654,.T.);
#1526=EDGE_CURVE('',#1221,#1211,#655,.T.);
#1527=EDGE_CURVE('',#1212,#1220,#656,.T.);
#1528=EDGE_CURVE('',#1236,#1205,#657,.T.);
#1529=EDGE_CURVE('',#1207,#1243,#658,.T.);
#1530=EDGE_CURVE('',#1246,#1249,#809,.T.);
#1531=EDGE_CURVE('',#1227,#1249,#810,.T.);
#1532=EDGE_CURVE('',#1250,#1250,#659,.T.);
#1533=EDGE_CURVE('',#1250,#1251,#811,.T.);
#1534=EDGE_CURVE('',#1251,#1251,#660,.T.);
#1535=EDGE_CURVE('',#1244,#1252,#812,.T.);
#1536=EDGE_CURVE('',#1252,#1252,#661,.T.);
#1537=EDGE_CURVE('',#1234,#1253,#813,.T.);
#1538=EDGE_CURVE('',#1253,#1253,#662,.T.);
#1539=EDGE_CURVE('',#1224,#1254,#814,.T.);
#1540=EDGE_CURVE('',#1254,#1254,#663,.T.);
#1541=EDGE_CURVE('',#1214,#1255,#815,.T.);
#1542=EDGE_CURVE('',#1255,#1255,#664,.T.);
#1543=EDGE_CURVE('',#1208,#1242,#665,.T.);
#1544=EDGE_CURVE('',#1256,#1241,#816,.T.);
#1545=EDGE_CURVE('',#1245,#1256,#817,.T.);
#1546=EDGE_CURVE('',#1249,#1256,#818,.T.);
#1547=EDGE_CURVE('',#1257,#1258,#819,.T.);
#1548=EDGE_CURVE('',#1259,#1257,#820,.T.);
#1549=EDGE_CURVE('',#1260,#1259,#821,.T.);
#1550=EDGE_CURVE('',#1261,#1260,#666,.T.);
#1551=EDGE_CURVE('',#1262,#1261,#822,.T.);
#1552=EDGE_CURVE('',#1263,#1262,#823,.T.);
#1553=EDGE_CURVE('',#1264,#1263,#824,.T.);
#1554=EDGE_CURVE('',#1265,#1264,#825,.T.);
#1555=EDGE_CURVE('',#1258,#1265,#826,.T.);
#1556=EDGE_CURVE('',#1266,#1266,#667,.T.);
#1557=EDGE_CURVE('',#1267,#1258,#668,.T.);
#1558=EDGE_CURVE('',#1267,#1268,#827,.T.);
#1559=EDGE_CURVE('',#1268,#1257,#669,.T.);
#1560=EDGE_CURVE('',#1268,#1269,#828,.T.);
#1561=EDGE_CURVE('',#1259,#1269,#670,.T.);
#1562=EDGE_CURVE('',#1270,#1265,#829,.T.);
#1563=EDGE_CURVE('',#1270,#1267,#830,.T.);
#1564=EDGE_CURVE('',#1269,#1271,#831,.T.);
#1565=EDGE_CURVE('',#1272,#1271,#49,.T.);
#1566=EDGE_CURVE('',#1272,#1260,#50,.T.);
#1567=EDGE_CURVE('',#1264,#1273,#671,.T.);
#1568=EDGE_CURVE('',#1273,#1270,#832,.T.);
#1569=EDGE_CURVE('',#1263,#1274,#672,.T.);
#1570=EDGE_CURVE('',#1274,#1273,#833,.T.);
#1571=EDGE_CURVE('',#1275,#1262,#673,.T.);
#1572=EDGE_CURVE('',#1275,#1274,#834,.T.);
#1573=EDGE_CURVE('',#1261,#1272,#51,.T.);
#1574=EDGE_CURVE('',#1271,#1275,#835,.T.);
#1575=EDGE_CURVE('',#1276,#1276,#674,.T.);
#1576=EDGE_CURVE('',#1276,#1266,#836,.T.);
#1577=EDGE_CURVE('',#1277,#1278,#837,.T.);
#1578=EDGE_CURVE('',#1279,#1277,#838,.T.);
#1579=EDGE_CURVE('',#1280,#1279,#839,.T.);
#1580=EDGE_CURVE('',#1281,#1280,#840,.T.);
#1581=EDGE_CURVE('',#1282,#1281,#841,.T.);
#1582=EDGE_CURVE('',#1283,#1282,#842,.T.);
#1583=EDGE_CURVE('',#1284,#1283,#843,.T.);
#1584=EDGE_CURVE('',#1278,#1284,#844,.T.);
#1585=EDGE_CURVE('',#1285,#1285,#675,.T.);
#1586=EDGE_CURVE('',#1285,#1286,#845,.T.);
#1587=EDGE_CURVE('',#1286,#1286,#676,.T.);
#1588=EDGE_CURVE('',#1287,#1288,#677,.T.);
#1589=EDGE_CURVE('',#1289,#1288,#52,.T.);
#1590=EDGE_CURVE('',#1287,#1289,#53,.T.);
#1591=EDGE_CURVE('',#1288,#1290,#846,.T.);
#1592=EDGE_CURVE('',#1290,#1283,#678,.T.);
#1593=EDGE_CURVE('',#1282,#1289,#54,.T.);
#1594=EDGE_CURVE('',#1290,#1291,#847,.T.);
#1595=EDGE_CURVE('',#1284,#1291,#679,.T.);
#1596=EDGE_CURVE('',#1291,#1292,#848,.T.);
#1597=EDGE_CURVE('',#1278,#1292,#680,.T.);
#1598=EDGE_CURVE('',#1292,#1293,#849,.T.);
#1599=EDGE_CURVE('',#1277,#1293,#850,.T.);
#1600=EDGE_CURVE('',#1294,#1287,#851,.T.);
#1601=EDGE_CURVE('',#1281,#1294,#681,.T.);
#1602=EDGE_CURVE('',#1293,#1295,#852,.T.);
#1603=EDGE_CURVE('',#1295,#1279,#682,.T.);
#1604=EDGE_CURVE('',#1296,#1294,#853,.T.);
#1605=EDGE_CURVE('',#1296,#1280,#683,.T.);
#1606=EDGE_CURVE('',#1295,#1296,#854,.T.);
#1607=EDGE_CURVE('',#1297,#1298,#855,.T.);
#1608=EDGE_CURVE('',#1299,#1297,#684,.T.);
#1609=EDGE_CURVE('',#1300,#1299,#856,.T.);
#1610=EDGE_CURVE('',#1301,#1300,#857,.T.);
#1611=EDGE_CURVE('',#1302,#1301,#858,.T.);
#1612=EDGE_CURVE('',#1303,#1302,#859,.T.);
#1613=EDGE_CURVE('',#1304,#1303,#860,.T.);
#1614=EDGE_CURVE('',#1305,#1304,#861,.T.);
#1615=EDGE_CURVE('',#1298,#1305,#862,.T.);
#1616=EDGE_CURVE('',#1306,#1306,#685,.T.);
#1617=EDGE_CURVE('',#1302,#1307,#686,.T.);
#1618=EDGE_CURVE('',#1307,#1308,#863,.T.);
#1619=EDGE_CURVE('',#1303,#1308,#864,.T.);
#1620=EDGE_CURVE('',#1301,#1309,#687,.T.);
#1621=EDGE_CURVE('',#1309,#1307,#865,.T.);
#1622=EDGE_CURVE('',#1308,#1310,#866,.T.);
#1623=EDGE_CURVE('',#1310,#1304,#688,.T.);
#1624=EDGE_CURVE('',#1311,#1300,#689,.T.);
#1625=EDGE_CURVE('',#1311,#1309,#867,.T.);
#1626=EDGE_CURVE('',#1310,#1312,#868,.T.);
#1627=EDGE_CURVE('',#1312,#1305,#690,.T.);
#1628=EDGE_CURVE('',#1299,#1313,#55,.T.);
#1629=EDGE_CURVE('',#1313,#1314,#56,.T.);
#1630=EDGE_CURVE('',#1314,#1311,#869,.T.);
#1631=EDGE_CURVE('',#1312,#1315,#870,.T.);
#1632=EDGE_CURVE('',#1298,#1315,#691,.T.);
#1633=EDGE_CURVE('',#1313,#1297,#57,.T.);
#1634=EDGE_CURVE('',#1315,#1314,#871,.T.);
#1635=EDGE_CURVE('',#1316,#1316,#692,.T.);
#1636=EDGE_CURVE('',#1316,#1306,#872,.T.);
#1637=EDGE_CURVE('',#1317,#1318,#873,.T.);
#1638=EDGE_CURVE('',#1319,#1317,#874,.T.);
#1639=EDGE_CURVE('',#1320,#1319,#875,.T.);
#1640=EDGE_CURVE('',#1321,#1320,#876,.T.);
#1641=EDGE_CURVE('',#1322,#1321,#877,.T.);
#1642=EDGE_CURVE('',#1323,#1322,#878,.T.);
#1643=EDGE_CURVE('',#1324,#1323,#879,.T.);
#1644=EDGE_CURVE('',#1318,#1324,#880,.T.);
#1645=EDGE_CURVE('',#1325,#1325,#693,.T.);
#1646=EDGE_CURVE('',#1325,#1326,#881,.T.);
#1647=EDGE_CURVE('',#1326,#1326,#694,.T.);
#1648=EDGE_CURVE('',#1327,#1328,#882,.T.);
#1649=EDGE_CURVE('',#1328,#1329,#58,.T.);
#1650=EDGE_CURVE('',#1320,#1329,#59,.T.);
#1651=EDGE_CURVE('',#1319,#1327,#695,.T.);
#1652=EDGE_CURVE('',#1328,#1330,#696,.T.);
#1653=EDGE_CURVE('',#1329,#1330,#60,.T.);
#1654=EDGE_CURVE('',#1331,#1327,#883,.T.);
#1655=EDGE_CURVE('',#1331,#1317,#697,.T.);
#1656=EDGE_CURVE('',#1332,#1331,#884,.T.);
#1657=EDGE_CURVE('',#1332,#1318,#698,.T.);
#1658=EDGE_CURVE('',#1333,#1332,#885,.T.);
#1659=EDGE_CURVE('',#1333,#1324,#886,.T.);
#1660=EDGE_CURVE('',#1330,#1334,#887,.T.);
#1661=EDGE_CURVE('',#1334,#1321,#699,.T.);
#1662=EDGE_CURVE('',#1334,#1335,#888,.T.);
#1663=EDGE_CURVE('',#1322,#1335,#700,.T.);
#1664=EDGE_CURVE('',#1335,#1336,#889,.T.);
#1665=EDGE_CURVE('',#1323,#1336,#701,.T.);
#1666=EDGE_CURVE('',#1336,#1333,#890,.T.);
#1667=EDGE_CURVE('',#1337,#1338,#891,.T.);
#1668=EDGE_CURVE('',#1339,#1337,#892,.T.);
#1669=EDGE_CURVE('',#1340,#1339,#893,.T.);
#1670=EDGE_CURVE('',#1341,#1340,#894,.T.);
#1671=EDGE_CURVE('',#1342,#1341,#895,.T.);
#1672=EDGE_CURVE('',#1343,#1342,#896,.T.);
#1673=EDGE_CURVE('',#1344,#1343,#897,.T.);
#1674=EDGE_CURVE('',#1338,#1344,#898,.T.);
#1675=EDGE_CURVE('',#1345,#1345,#702,.T.);
#1676=EDGE_CURVE('',#1346,#1341,#61,.T.);
#1677=EDGE_CURVE('',#1346,#1347,#13,.T.);
#1678=EDGE_CURVE('',#1347,#1342,#703,.T.);
#1679=EDGE_CURVE('',#1347,#1348,#899,.T.);
#1680=EDGE_CURVE('',#1343,#1348,#704,.T.);
#1681=EDGE_CURVE('',#1348,#1349,#14,.T.);
#1682=EDGE_CURVE('',#1349,#1350,#900,.T.);
#1683=EDGE_CURVE('',#1344,#1350,#705,.T.);
#1684=EDGE_CURVE('',#1350,#1351,#901,.T.);
#1685=EDGE_CURVE('',#1351,#1338,#902,.T.);
#1686=EDGE_CURVE('',#1352,#1339,#706,.T.);
#1687=EDGE_CURVE('',#1352,#1353,#903,.T.);
#1688=EDGE_CURVE('',#1340,#1353,#707,.T.);
#1689=EDGE_CURVE('',#1354,#1337,#708,.T.);
#1690=EDGE_CURVE('',#1354,#1355,#904,.T.);
#1691=EDGE_CURVE('',#1355,#1352,#15,.T.);
#1692=EDGE_CURVE('',#1353,#1346,#16,.T.);
#1693=EDGE_CURVE('',#1351,#1354,#905,.T.);
#1694=EDGE_CURVE('',#1356,#1356,#709,.T.);
#1695=EDGE_CURVE('',#1356,#1345,#906,.T.);
#1696=EDGE_CURVE('',#1355,#1349,#710,.T.);
#1697=EDGE_CURVE('',#1357,#1358,#711,.T.);
#1698=EDGE_CURVE('',#1359,#1358,#17,.T.);
#1699=EDGE_CURVE('',#1360,#1359,#907,.T.);
#1700=EDGE_CURVE('',#1361,#1360,#18,.T.);
#1701=EDGE_CURVE('',#1362,#1361,#19,.T.);
#1702=EDGE_CURVE('',#1363,#1362,#908,.T.);
#1703=EDGE_CURVE('',#1357,#1363,#20,.T.);
#1704=EDGE_CURVE('',#1364,#1357,#909,.T.);
#1705=EDGE_CURVE('',#1365,#1364,#910,.T.);
#1706=EDGE_CURVE('',#1366,#1365,#911,.T.);
#1707=EDGE_CURVE('',#1358,#1366,#912,.T.);
#1708=EDGE_CURVE('',#1367,#1367,#712,.T.);
#1709=EDGE_CURVE('',#1367,#1368,#913,.T.);
#1710=EDGE_CURVE('',#1368,#1368,#713,.T.);
#1711=EDGE_CURVE('',#1369,#1370,#914,.T.);
#1712=EDGE_CURVE('',#1370,#1359,#714,.T.);
#1713=EDGE_CURVE('',#1369,#1366,#715,.T.);
#1714=EDGE_CURVE('',#1370,#1371,#915,.T.);
#1715=EDGE_CURVE('',#1360,#1371,#716,.T.);
#1716=EDGE_CURVE('',#1372,#1369,#916,.T.);
#1717=EDGE_CURVE('',#1372,#1365,#917,.T.);
#1718=EDGE_CURVE('',#1371,#1373,#918,.T.);
#1719=EDGE_CURVE('',#1361,#1373,#62,.T.);
#1720=EDGE_CURVE('',#1374,#1372,#919,.T.);
#1721=EDGE_CURVE('',#1364,#1374,#717,.T.);
#1722=EDGE_CURVE('',#1375,#1374,#920,.T.);
#1723=EDGE_CURVE('',#1363,#1375,#718,.T.);
#1724=EDGE_CURVE('',#1376,#1375,#921,.T.);
#1725=EDGE_CURVE('',#1376,#1362,#719,.T.);
#1726=EDGE_CURVE('',#1373,#1376,#922,.T.);
#1727=EDGE_CURVE('',#1377,#1378,#923,.T.);
#1728=EDGE_CURVE('',#1379,#1377,#924,.T.);
#1729=EDGE_CURVE('',#1380,#1379,#925,.T.);
#1730=EDGE_CURVE('',#1381,#1380,#926,.T.);
#1731=EDGE_CURVE('',#1382,#1381,#927,.T.);
#1732=EDGE_CURVE('',#1383,#1382,#928,.T.);
#1733=EDGE_CURVE('',#1384,#1383,#929,.T.);
#1734=EDGE_CURVE('',#1378,#1384,#930,.T.);
#1735=EDGE_CURVE('',#1385,#1385,#720,.T.);
#1736=EDGE_CURVE('',#1386,#1381,#721,.T.);
#1737=EDGE_CURVE('',#1386,#1387,#931,.T.);
#1738=EDGE_CURVE('',#1382,#1387,#722,.T.);
#1739=EDGE_CURVE('',#1387,#1388,#21,.T.);
#1740=EDGE_CURVE('',#1388,#1389,#932,.T.);
#1741=EDGE_CURVE('',#1383,#1389,#723,.T.);
#1742=EDGE_CURVE('',#1380,#1390,#63,.T.);
#1743=EDGE_CURVE('',#1390,#1386,#22,.T.);
#1744=EDGE_CURVE('',#1389,#1391,#933,.T.);
#1745=EDGE_CURVE('',#1384,#1391,#934,.T.);
#1746=EDGE_CURVE('',#1379,#1392,#724,.T.);
#1747=EDGE_CURVE('',#1392,#1390,#23,.T.);
#1748=EDGE_CURVE('',#1391,#1393,#935,.T.);
#1749=EDGE_CURVE('',#1393,#1378,#725,.T.);
#1750=EDGE_CURVE('',#1394,#1377,#726,.T.);
#1751=EDGE_CURVE('',#1394,#1392,#936,.T.);
#1752=EDGE_CURVE('',#1393,#1395,#937,.T.);
#1753=EDGE_CURVE('',#1395,#1394,#24,.T.);
#1754=EDGE_CURVE('',#1396,#1396,#727,.T.);
#1755=EDGE_CURVE('',#1396,#1385,#938,.T.);
#1756=EDGE_CURVE('',#1395,#1388,#728,.T.);
#1757=EDGE_CURVE('',#1397,#1398,#729,.T.);
#1758=EDGE_CURVE('',#1399,#1398,#25,.T.);
#1759=EDGE_CURVE('',#1400,#1399,#939,.T.);
#1760=EDGE_CURVE('',#1401,#1400,#26,.T.);
#1761=EDGE_CURVE('',#1402,#1401,#27,.T.);
#1762=EDGE_CURVE('',#1403,#1402,#940,.T.);
#1763=EDGE_CURVE('',#1397,#1403,#28,.T.);
#1764=EDGE_CURVE('',#1404,#1397,#941,.T.);
#1765=EDGE_CURVE('',#1405,#1404,#942,.T.);
#1766=EDGE_CURVE('',#1406,#1405,#943,.T.);
#1767=EDGE_CURVE('',#1398,#1406,#944,.T.);
#1768=EDGE_CURVE('',#1407,#1407,#730,.T.);
#1769=EDGE_CURVE('',#1407,#1408,#945,.T.);
#1770=EDGE_CURVE('',#1408,#1408,#731,.T.);
#1771=EDGE_CURVE('',#1409,#1410,#946,.T.);
#1772=EDGE_CURVE('',#1410,#1406,#732,.T.);
#1773=EDGE_CURVE('',#1405,#1409,#947,.T.);
#1774=EDGE_CURVE('',#1410,#1411,#948,.T.);
#1775=EDGE_CURVE('',#1411,#1399,#733,.T.);
#1776=EDGE_CURVE('',#1411,#1412,#949,.T.);
#1777=EDGE_CURVE('',#1400,#1412,#734,.T.);
#1778=EDGE_CURVE('',#1412,#1413,#950,.T.);
#1779=EDGE_CURVE('',#1413,#1401,#64,.T.);
#1780=EDGE_CURVE('',#1414,#1409,#951,.T.);
#1781=EDGE_CURVE('',#1404,#1414,#735,.T.);
#1782=EDGE_CURVE('',#1415,#1414,#952,.T.);
#1783=EDGE_CURVE('',#1403,#1415,#736,.T.);
#1784=EDGE_CURVE('',#1416,#1415,#953,.T.);
#1785=EDGE_CURVE('',#1416,#1402,#737,.T.);
#1786=EDGE_CURVE('',#1413,#1416,#954,.T.);
#1787=EDGE_CURVE('',#1417,#1418,#955,.T.);
#1788=EDGE_CURVE('',#1418,#1419,#956,.T.);
#1789=EDGE_CURVE('',#1420,#1419,#957,.T.);
#1790=EDGE_CURVE('',#1417,#1420,#958,.T.);
#1791=EDGE_CURVE('',#1421,#1422,#738,.T.);
#1792=EDGE_CURVE('',#1422,#1421,#739,.T.);
#1793=EDGE_CURVE('',#1423,#1424,#740,.T.);
#1794=EDGE_CURVE('',#1424,#1423,#741,.T.);
#1795=EDGE_CURVE('',#1425,#1426,#742,.T.);
#1796=EDGE_CURVE('',#1426,#1425,#743,.T.);
#1797=EDGE_CURVE('',#1427,#1428,#744,.T.);
#1798=EDGE_CURVE('',#1428,#1427,#745,.T.);
#1799=EDGE_CURVE('',#1429,#1429,#746,.T.);
#1800=EDGE_CURVE('',#1430,#1430,#747,.T.);
#1801=EDGE_CURVE('',#1431,#1431,#748,.T.);
#1802=EDGE_CURVE('',#1429,#1430,#959,.T.);
#1803=EDGE_CURVE('',#1428,#1432,#960,.T.);
#1804=EDGE_CURVE('',#1433,#1432,#749,.T.);
#1805=EDGE_CURVE('',#1432,#1433,#750,.T.);
#1806=EDGE_CURVE('',#1434,#1434,#751,.T.);
#1807=EDGE_CURVE('',#1426,#1435,#961,.T.);
#1808=EDGE_CURVE('',#1436,#1435,#752,.T.);
#1809=EDGE_CURVE('',#1435,#1436,#753,.T.);
#1810=EDGE_CURVE('',#1437,#1437,#754,.T.);
#1811=EDGE_CURVE('',#1424,#1438,#962,.T.);
#1812=EDGE_CURVE('',#1439,#1438,#755,.T.);
#1813=EDGE_CURVE('',#1438,#1439,#756,.T.);
#1814=EDGE_CURVE('',#1440,#1440,#757,.T.);
#1815=EDGE_CURVE('',#1422,#1441,#963,.T.);
#1816=EDGE_CURVE('',#1442,#1441,#758,.T.);
#1817=EDGE_CURVE('',#1441,#1442,#759,.T.);
#1818=EDGE_CURVE('',#1443,#1443,#760,.T.);
#1819=EDGE_CURVE('',#1434,#1444,#964,.T.);
#1820=EDGE_CURVE('',#1444,#1444,#761,.T.);
#1821=EDGE_CURVE('',#1437,#1445,#965,.T.);
#1822=EDGE_CURVE('',#1445,#1445,#762,.T.);
#1823=EDGE_CURVE('',#1440,#1446,#966,.T.);
#1824=EDGE_CURVE('',#1446,#1446,#763,.T.);
#1825=EDGE_CURVE('',#1443,#1447,#967,.T.);
#1826=EDGE_CURVE('',#1447,#1447,#764,.T.);
#1827=EDGE_CURVE('',#1431,#1448,#968,.T.);
#1828=EDGE_CURVE('',#1449,#1448,#29,.T.);
#1829=EDGE_CURVE('',#1449,#1450,#765,.T.);
#1830=EDGE_CURVE('',#1451,#1450,#30,.T.);
#1831=EDGE_CURVE('',#1451,#1452,#766,.T.);
#1832=EDGE_CURVE('',#1453,#1452,#31,.T.);
#1833=EDGE_CURVE('',#1453,#1454,#767,.T.);
#1834=EDGE_CURVE('',#1455,#1454,#32,.T.);
#1835=EDGE_CURVE('',#1455,#1456,#768,.T.);
#1836=EDGE_CURVE('',#1448,#1456,#33,.T.);
#1837=EDGE_CURVE('',#1454,#1457,#969,.T.);
#1838=EDGE_CURVE('',#1458,#1457,#769,.T.);
#1839=EDGE_CURVE('',#1458,#1455,#970,.T.);
#1840=EDGE_CURVE('',#1459,#1449,#971,.T.);
#1841=EDGE_CURVE('',#1456,#1460,#972,.T.);
#1842=EDGE_CURVE('',#1459,#1460,#770,.T.);
#1843=EDGE_CURVE('',#1461,#1459,#973,.T.);
#1844=EDGE_CURVE('',#1460,#1462,#974,.T.);
#1845=EDGE_CURVE('',#1462,#1417,#975,.T.);
#1846=EDGE_CURVE('',#1461,#1420,#976,.T.);
#1847=EDGE_CURVE('',#1457,#1463,#977,.T.);
#1848=EDGE_CURVE('',#1418,#1463,#978,.T.);
#1849=EDGE_CURVE('',#1462,#1458,#979,.T.);
#1850=EDGE_CURVE('',#1452,#1464,#980,.T.);
#1851=EDGE_CURVE('',#1465,#1464,#771,.T.);
#1852=EDGE_CURVE('',#1465,#1453,#981,.T.);
#1853=EDGE_CURVE('',#1464,#1466,#982,.T.);
#1854=EDGE_CURVE('',#1419,#1466,#983,.T.);
#1855=EDGE_CURVE('',#1463,#1465,#984,.T.);
#1856=EDGE_CURVE('',#1450,#1467,#985,.T.);
#1857=EDGE_CURVE('',#1468,#1467,#772,.T.);
#1858=EDGE_CURVE('',#1468,#1451,#986,.T.);
#1859=EDGE_CURVE('',#1467,#1461,#987,.T.);
#1860=EDGE_CURVE('',#1466,#1468,#988,.T.);
#1861=ORIENTED_EDGE('',*,*,#1469,.F.);
#1862=ORIENTED_EDGE('',*,*,#1470,.F.);
#1863=ORIENTED_EDGE('',*,*,#1471,.F.);
#1864=ORIENTED_EDGE('',*,*,#1472,.F.);
#1865=ORIENTED_EDGE('',*,*,#1473,.F.);
#1866=ORIENTED_EDGE('',*,*,#1474,.F.);
#1867=ORIENTED_EDGE('',*,*,#1475,.F.);
#1868=ORIENTED_EDGE('',*,*,#1476,.F.);
#1869=ORIENTED_EDGE('',*,*,#1477,.F.);
#1870=ORIENTED_EDGE('',*,*,#1478,.F.);
#1871=ORIENTED_EDGE('',*,*,#1479,.F.);
#1872=ORIENTED_EDGE('',*,*,#1480,.F.);
#1873=ORIENTED_EDGE('',*,*,#1481,.F.);
#1874=ORIENTED_EDGE('',*,*,#1482,.F.);
#1875=ORIENTED_EDGE('',*,*,#1483,.F.);
#1876=ORIENTED_EDGE('',*,*,#1484,.F.);
#1877=ORIENTED_EDGE('',*,*,#1485,.F.);
#1878=ORIENTED_EDGE('',*,*,#1486,.F.);
#1879=ORIENTED_EDGE('',*,*,#1487,.F.);
#1880=ORIENTED_EDGE('',*,*,#1488,.F.);
#1881=ORIENTED_EDGE('',*,*,#1489,.F.);
#1882=ORIENTED_EDGE('',*,*,#1490,.F.);
#1883=ORIENTED_EDGE('',*,*,#1491,.F.);
#1884=ORIENTED_EDGE('',*,*,#1492,.F.);
#1885=ORIENTED_EDGE('',*,*,#1493,.F.);
#1886=ORIENTED_EDGE('',*,*,#1494,.F.);
#1887=ORIENTED_EDGE('',*,*,#1495,.F.);
#1888=ORIENTED_EDGE('',*,*,#1496,.F.);
#1889=ORIENTED_EDGE('',*,*,#1497,.F.);
#1890=ORIENTED_EDGE('',*,*,#1498,.F.);
#1891=ORIENTED_EDGE('',*,*,#1499,.F.);
#1892=ORIENTED_EDGE('',*,*,#1500,.F.);
#1893=ORIENTED_EDGE('',*,*,#1501,.F.);
#1894=ORIENTED_EDGE('',*,*,#1502,.F.);
#1895=ORIENTED_EDGE('',*,*,#1503,.F.);
#1896=ORIENTED_EDGE('',*,*,#1504,.F.);
#1897=ORIENTED_EDGE('',*,*,#1505,.F.);
#1898=ORIENTED_EDGE('',*,*,#1506,.F.);
#1899=ORIENTED_EDGE('',*,*,#1507,.F.);
#1900=ORIENTED_EDGE('',*,*,#1508,.F.);
#1901=ORIENTED_EDGE('',*,*,#1503,.T.);
#1902=ORIENTED_EDGE('',*,*,#1509,.T.);
#1903=ORIENTED_EDGE('',*,*,#1492,.T.);
#1904=ORIENTED_EDGE('',*,*,#1510,.F.);
#1905=ORIENTED_EDGE('',*,*,#1502,.T.);
#1906=ORIENTED_EDGE('',*,*,#1511,.F.);
#1907=ORIENTED_EDGE('',*,*,#1493,.T.);
#1908=ORIENTED_EDGE('',*,*,#1509,.F.);
#1909=ORIENTED_EDGE('',*,*,#1501,.T.);
#1910=ORIENTED_EDGE('',*,*,#1512,.T.);
#1911=ORIENTED_EDGE('',*,*,#1494,.T.);
#1912=ORIENTED_EDGE('',*,*,#1511,.T.);
#1913=ORIENTED_EDGE('',*,*,#1473,.T.);
#1914=ORIENTED_EDGE('',*,*,#1513,.F.);
#1915=ORIENTED_EDGE('',*,*,#1514,.F.);
#1916=ORIENTED_EDGE('',*,*,#1515,.F.);
#1917=ORIENTED_EDGE('',*,*,#1486,.T.);
#1918=ORIENTED_EDGE('',*,*,#1516,.T.);
#1919=ORIENTED_EDGE('',*,*,#1517,.F.);
#1920=ORIENTED_EDGE('',*,*,#1518,.T.);
#1921=ORIENTED_EDGE('',*,*,#1519,.F.);
#1922=ORIENTED_EDGE('',*,*,#1477,.T.);
#1923=ORIENTED_EDGE('',*,*,#1520,.F.);
#1924=ORIENTED_EDGE('',*,*,#1482,.T.);
#1925=ORIENTED_EDGE('',*,*,#1521,.F.);
#1926=ORIENTED_EDGE('',*,*,#1495,.T.);
#1927=ORIENTED_EDGE('',*,*,#1512,.F.);
#1928=ORIENTED_EDGE('',*,*,#1500,.T.);
#1929=ORIENTED_EDGE('',*,*,#1522,.F.);
#1930=ORIENTED_EDGE('',*,*,#1518,.F.);
#1931=ORIENTED_EDGE('',*,*,#1496,.T.);
#1932=ORIENTED_EDGE('',*,*,#1521,.T.);
#1933=ORIENTED_EDGE('',*,*,#1481,.T.);
#1934=ORIENTED_EDGE('',*,*,#1523,.T.);
#1935=ORIENTED_EDGE('',*,*,#1497,.T.);
#1936=ORIENTED_EDGE('',*,*,#1523,.F.);
#1937=ORIENTED_EDGE('',*,*,#1480,.T.);
#1938=ORIENTED_EDGE('',*,*,#1524,.F.);
#1939=ORIENTED_EDGE('',*,*,#1489,.T.);
#1940=ORIENTED_EDGE('',*,*,#1524,.T.);
#1941=ORIENTED_EDGE('',*,*,#1479,.T.);
#1942=ORIENTED_EDGE('',*,*,#1525,.F.);
#1943=ORIENTED_EDGE('',*,*,#1475,.T.);
#1944=ORIENTED_EDGE('',*,*,#1526,.F.);
#1945=ORIENTED_EDGE('',*,*,#1484,.T.);
#1946=ORIENTED_EDGE('',*,*,#1527,.F.);
#1947=ORIENTED_EDGE('',*,*,#1474,.T.);
#1948=ORIENTED_EDGE('',*,*,#1516,.F.);
#1949=ORIENTED_EDGE('',*,*,#1485,.T.);
#1950=ORIENTED_EDGE('',*,*,#1526,.T.);
#1951=ORIENTED_EDGE('',*,*,#1499,.T.);
#1952=ORIENTED_EDGE('',*,*,#1528,.T.);
#1953=ORIENTED_EDGE('',*,*,#1469,.T.);
#1954=ORIENTED_EDGE('',*,*,#1519,.T.);
#1955=ORIENTED_EDGE('',*,*,#1522,.T.);
#1956=ORIENTED_EDGE('',*,*,#1507,.T.);
#1957=ORIENTED_EDGE('',*,*,#1529,.F.);
#1958=ORIENTED_EDGE('',*,*,#1470,.T.);
#1959=ORIENTED_EDGE('',*,*,#1528,.F.);
#1960=ORIENTED_EDGE('',*,*,#1490,.T.);
#1961=ORIENTED_EDGE('',*,*,#1525,.T.);
#1962=ORIENTED_EDGE('',*,*,#1487,.T.);
#1963=ORIENTED_EDGE('',*,*,#1515,.T.);
#1964=ORIENTED_EDGE('',*,*,#1530,.T.);
#1965=ORIENTED_EDGE('',*,*,#1531,.F.);
#1966=ORIENTED_EDGE('',*,*,#1476,.T.);
#1967=ORIENTED_EDGE('',*,*,#1527,.T.);
#1968=ORIENTED_EDGE('',*,*,#1483,.T.);
#1969=ORIENTED_EDGE('',*,*,#1520,.T.);
#1970=ORIENTED_EDGE('',*,*,#1532,.F.);
#1971=ORIENTED_EDGE('',*,*,#1533,.T.);
#1972=ORIENTED_EDGE('',*,*,#1534,.T.);
#1973=ORIENTED_EDGE('',*,*,#1533,.F.);
#1974=ORIENTED_EDGE('',*,*,#1534,.F.);
#1975=ORIENTED_EDGE('',*,*,#1517,.T.);
#1976=ORIENTED_EDGE('',*,*,#1508,.T.);
#1977=ORIENTED_EDGE('',*,*,#1535,.T.);
#1978=ORIENTED_EDGE('',*,*,#1536,.F.);
#1979=ORIENTED_EDGE('',*,*,#1535,.F.);
#1980=ORIENTED_EDGE('',*,*,#1498,.T.);
#1981=ORIENTED_EDGE('',*,*,#1537,.T.);
#1982=ORIENTED_EDGE('',*,*,#1538,.F.);
#1983=ORIENTED_EDGE('',*,*,#1537,.F.);
#1984=ORIENTED_EDGE('',*,*,#1488,.T.);
#1985=ORIENTED_EDGE('',*,*,#1539,.T.);
#1986=ORIENTED_EDGE('',*,*,#1540,.F.);
#1987=ORIENTED_EDGE('',*,*,#1539,.F.);
#1988=ORIENTED_EDGE('',*,*,#1478,.T.);
#1989=ORIENTED_EDGE('',*,*,#1541,.T.);
#1990=ORIENTED_EDGE('',*,*,#1542,.F.);
#1991=ORIENTED_EDGE('',*,*,#1541,.F.);
#1992=ORIENTED_EDGE('',*,*,#1506,.T.);
#1993=ORIENTED_EDGE('',*,*,#1543,.F.);
#1994=ORIENTED_EDGE('',*,*,#1471,.T.);
#1995=ORIENTED_EDGE('',*,*,#1529,.T.);
#1996=ORIENTED_EDGE('',*,*,#1505,.T.);
#1997=ORIENTED_EDGE('',*,*,#1544,.F.);
#1998=ORIENTED_EDGE('',*,*,#1545,.F.);
#1999=ORIENTED_EDGE('',*,*,#1513,.T.);
#2000=ORIENTED_EDGE('',*,*,#1472,.T.);
#2001=ORIENTED_EDGE('',*,*,#1543,.T.);
#2002=ORIENTED_EDGE('',*,*,#1514,.T.);
#2003=ORIENTED_EDGE('',*,*,#1545,.T.);
#2004=ORIENTED_EDGE('',*,*,#1546,.F.);
#2005=ORIENTED_EDGE('',*,*,#1530,.F.);
#2006=ORIENTED_EDGE('',*,*,#1532,.T.);
#2007=ORIENTED_EDGE('',*,*,#1536,.T.);
#2008=ORIENTED_EDGE('',*,*,#1538,.T.);
#2009=ORIENTED_EDGE('',*,*,#1540,.T.);
#2010=ORIENTED_EDGE('',*,*,#1542,.T.);
#2011=ORIENTED_EDGE('',*,*,#1504,.T.);
#2012=ORIENTED_EDGE('',*,*,#1510,.T.);
#2013=ORIENTED_EDGE('',*,*,#1491,.T.);
#2014=ORIENTED_EDGE('',*,*,#1531,.T.);
#2015=ORIENTED_EDGE('',*,*,#1546,.T.);
#2016=ORIENTED_EDGE('',*,*,#1544,.T.);
#2017=ORIENTED_EDGE('',*,*,#1547,.F.);
#2018=ORIENTED_EDGE('',*,*,#1548,.F.);
#2019=ORIENTED_EDGE('',*,*,#1549,.F.);
#2020=ORIENTED_EDGE('',*,*,#1550,.F.);
#2021=ORIENTED_EDGE('',*,*,#1551,.F.);
#2022=ORIENTED_EDGE('',*,*,#1552,.F.);
#2023=ORIENTED_EDGE('',*,*,#1553,.F.);
#2024=ORIENTED_EDGE('',*,*,#1554,.F.);
#2025=ORIENTED_EDGE('',*,*,#1555,.F.);
#2026=ORIENTED_EDGE('',*,*,#1556,.F.);
#2027=ORIENTED_EDGE('',*,*,#1547,.T.);
#2028=ORIENTED_EDGE('',*,*,#1557,.F.);
#2029=ORIENTED_EDGE('',*,*,#1558,.T.);
#2030=ORIENTED_EDGE('',*,*,#1559,.T.);
#2031=ORIENTED_EDGE('',*,*,#1548,.T.);
#2032=ORIENTED_EDGE('',*,*,#1559,.F.);
#2033=ORIENTED_EDGE('',*,*,#1560,.T.);
#2034=ORIENTED_EDGE('',*,*,#1561,.F.);
#2035=ORIENTED_EDGE('',*,*,#1555,.T.);
#2036=ORIENTED_EDGE('',*,*,#1562,.F.);
#2037=ORIENTED_EDGE('',*,*,#1563,.T.);
#2038=ORIENTED_EDGE('',*,*,#1557,.T.);
#2039=ORIENTED_EDGE('',*,*,#1549,.T.);
#2040=ORIENTED_EDGE('',*,*,#1561,.T.);
#2041=ORIENTED_EDGE('',*,*,#1564,.T.);
#2042=ORIENTED_EDGE('',*,*,#1565,.F.);
#2043=ORIENTED_EDGE('',*,*,#1566,.T.);
#2044=ORIENTED_EDGE('',*,*,#1554,.T.);
#2045=ORIENTED_EDGE('',*,*,#1567,.T.);
#2046=ORIENTED_EDGE('',*,*,#1568,.T.);
#2047=ORIENTED_EDGE('',*,*,#1562,.T.);
#2048=ORIENTED_EDGE('',*,*,#1553,.T.);
#2049=ORIENTED_EDGE('',*,*,#1569,.T.);
#2050=ORIENTED_EDGE('',*,*,#1570,.T.);
#2051=ORIENTED_EDGE('',*,*,#1567,.F.);
#2052=ORIENTED_EDGE('',*,*,#1552,.T.);
#2053=ORIENTED_EDGE('',*,*,#1571,.F.);
#2054=ORIENTED_EDGE('',*,*,#1572,.T.);
#2055=ORIENTED_EDGE('',*,*,#1569,.F.);
#2056=ORIENTED_EDGE('',*,*,#1551,.T.);
#2057=ORIENTED_EDGE('',*,*,#1573,.T.);
#2058=ORIENTED_EDGE('',*,*,#1565,.T.);
#2059=ORIENTED_EDGE('',*,*,#1574,.T.);
#2060=ORIENTED_EDGE('',*,*,#1571,.T.);
#2061=ORIENTED_EDGE('',*,*,#1550,.T.);
#2062=ORIENTED_EDGE('',*,*,#1566,.F.);
#2063=ORIENTED_EDGE('',*,*,#1573,.F.);
#2064=ORIENTED_EDGE('',*,*,#1575,.T.);
#2065=ORIENTED_EDGE('',*,*,#1576,.T.);
#2066=ORIENTED_EDGE('',*,*,#1556,.T.);
#2067=ORIENTED_EDGE('',*,*,#1576,.F.);
#2068=ORIENTED_EDGE('',*,*,#1558,.F.);
#2069=ORIENTED_EDGE('',*,*,#1563,.F.);
#2070=ORIENTED_EDGE('',*,*,#1568,.F.);
#2071=ORIENTED_EDGE('',*,*,#1570,.F.);
#2072=ORIENTED_EDGE('',*,*,#1572,.F.);
#2073=ORIENTED_EDGE('',*,*,#1574,.F.);
#2074=ORIENTED_EDGE('',*,*,#1564,.F.);
#2075=ORIENTED_EDGE('',*,*,#1560,.F.);
#2076=ORIENTED_EDGE('',*,*,#1575,.F.);
#2077=ORIENTED_EDGE('',*,*,#1577,.F.);
#2078=ORIENTED_EDGE('',*,*,#1578,.F.);
#2079=ORIENTED_EDGE('',*,*,#1579,.F.);
#2080=ORIENTED_EDGE('',*,*,#1580,.F.);
#2081=ORIENTED_EDGE('',*,*,#1581,.F.);
#2082=ORIENTED_EDGE('',*,*,#1582,.F.);
#2083=ORIENTED_EDGE('',*,*,#1583,.F.);
#2084=ORIENTED_EDGE('',*,*,#1584,.F.);
#2085=ORIENTED_EDGE('',*,*,#1585,.F.);
#2086=ORIENTED_EDGE('',*,*,#1585,.T.);
#2087=ORIENTED_EDGE('',*,*,#1586,.T.);
#2088=ORIENTED_EDGE('',*,*,#1587,.T.);
#2089=ORIENTED_EDGE('',*,*,#1586,.F.);
#2090=ORIENTED_EDGE('',*,*,#1588,.T.);
#2091=ORIENTED_EDGE('',*,*,#1589,.F.);
#2092=ORIENTED_EDGE('',*,*,#1590,.F.);
#2093=ORIENTED_EDGE('',*,*,#1591,.T.);
#2094=ORIENTED_EDGE('',*,*,#1592,.T.);
#2095=ORIENTED_EDGE('',*,*,#1582,.T.);
#2096=ORIENTED_EDGE('',*,*,#1593,.T.);
#2097=ORIENTED_EDGE('',*,*,#1589,.T.);
#2098=ORIENTED_EDGE('',*,*,#1594,.T.);
#2099=ORIENTED_EDGE('',*,*,#1595,.F.);
#2100=ORIENTED_EDGE('',*,*,#1583,.T.);
#2101=ORIENTED_EDGE('',*,*,#1592,.F.);
#2102=ORIENTED_EDGE('',*,*,#1596,.T.);
#2103=ORIENTED_EDGE('',*,*,#1597,.F.);
#2104=ORIENTED_EDGE('',*,*,#1584,.T.);
#2105=ORIENTED_EDGE('',*,*,#1595,.T.);
#2106=ORIENTED_EDGE('',*,*,#1598,.T.);
#2107=ORIENTED_EDGE('',*,*,#1599,.F.);
#2108=ORIENTED_EDGE('',*,*,#1577,.T.);
#2109=ORIENTED_EDGE('',*,*,#1597,.T.);
#2110=ORIENTED_EDGE('',*,*,#1600,.T.);
#2111=ORIENTED_EDGE('',*,*,#1590,.T.);
#2112=ORIENTED_EDGE('',*,*,#1593,.F.);
#2113=ORIENTED_EDGE('',*,*,#1581,.T.);
#2114=ORIENTED_EDGE('',*,*,#1601,.T.);
#2115=ORIENTED_EDGE('',*,*,#1602,.T.);
#2116=ORIENTED_EDGE('',*,*,#1603,.T.);
#2117=ORIENTED_EDGE('',*,*,#1578,.T.);
#2118=ORIENTED_EDGE('',*,*,#1599,.T.);
#2119=ORIENTED_EDGE('',*,*,#1604,.T.);
#2120=ORIENTED_EDGE('',*,*,#1601,.F.);
#2121=ORIENTED_EDGE('',*,*,#1580,.T.);
#2122=ORIENTED_EDGE('',*,*,#1605,.F.);
#2123=ORIENTED_EDGE('',*,*,#1606,.T.);
#2124=ORIENTED_EDGE('',*,*,#1605,.T.);
#2125=ORIENTED_EDGE('',*,*,#1579,.T.);
#2126=ORIENTED_EDGE('',*,*,#1603,.F.);
#2127=ORIENTED_EDGE('',*,*,#1606,.F.);
#2128=ORIENTED_EDGE('',*,*,#1602,.F.);
#2129=ORIENTED_EDGE('',*,*,#1598,.F.);
#2130=ORIENTED_EDGE('',*,*,#1596,.F.);
#2131=ORIENTED_EDGE('',*,*,#1594,.F.);
#2132=ORIENTED_EDGE('',*,*,#1591,.F.);
#2133=ORIENTED_EDGE('',*,*,#1588,.F.);
#2134=ORIENTED_EDGE('',*,*,#1600,.F.);
#2135=ORIENTED_EDGE('',*,*,#1604,.F.);
#2136=ORIENTED_EDGE('',*,*,#1587,.F.);
#2137=ORIENTED_EDGE('',*,*,#1607,.F.);
#2138=ORIENTED_EDGE('',*,*,#1608,.F.);
#2139=ORIENTED_EDGE('',*,*,#1609,.F.);
#2140=ORIENTED_EDGE('',*,*,#1610,.F.);
#2141=ORIENTED_EDGE('',*,*,#1611,.F.);
#2142=ORIENTED_EDGE('',*,*,#1612,.F.);
#2143=ORIENTED_EDGE('',*,*,#1613,.F.);
#2144=ORIENTED_EDGE('',*,*,#1614,.F.);
#2145=ORIENTED_EDGE('',*,*,#1615,.F.);
#2146=ORIENTED_EDGE('',*,*,#1616,.F.);
#2147=ORIENTED_EDGE('',*,*,#1612,.T.);
#2148=ORIENTED_EDGE('',*,*,#1617,.T.);
#2149=ORIENTED_EDGE('',*,*,#1618,.T.);
#2150=ORIENTED_EDGE('',*,*,#1619,.F.);
#2151=ORIENTED_EDGE('',*,*,#1611,.T.);
#2152=ORIENTED_EDGE('',*,*,#1620,.T.);
#2153=ORIENTED_EDGE('',*,*,#1621,.T.);
#2154=ORIENTED_EDGE('',*,*,#1617,.F.);
#2155=ORIENTED_EDGE('',*,*,#1613,.T.);
#2156=ORIENTED_EDGE('',*,*,#1619,.T.);
#2157=ORIENTED_EDGE('',*,*,#1622,.T.);
#2158=ORIENTED_EDGE('',*,*,#1623,.T.);
#2159=ORIENTED_EDGE('',*,*,#1610,.T.);
#2160=ORIENTED_EDGE('',*,*,#1624,.F.);
#2161=ORIENTED_EDGE('',*,*,#1625,.T.);
#2162=ORIENTED_EDGE('',*,*,#1620,.F.);
#2163=ORIENTED_EDGE('',*,*,#1614,.T.);
#2164=ORIENTED_EDGE('',*,*,#1623,.F.);
#2165=ORIENTED_EDGE('',*,*,#1626,.T.);
#2166=ORIENTED_EDGE('',*,*,#1627,.T.);
#2167=ORIENTED_EDGE('',*,*,#1609,.T.);
#2168=ORIENTED_EDGE('',*,*,#1628,.T.);
#2169=ORIENTED_EDGE('',*,*,#1629,.T.);
#2170=ORIENTED_EDGE('',*,*,#1630,.T.);
#2171=ORIENTED_EDGE('',*,*,#1624,.T.);
#2172=ORIENTED_EDGE('',*,*,#1615,.T.);
#2173=ORIENTED_EDGE('',*,*,#1627,.F.);
#2174=ORIENTED_EDGE('',*,*,#1631,.T.);
#2175=ORIENTED_EDGE('',*,*,#1632,.F.);
#2176=ORIENTED_EDGE('',*,*,#1608,.T.);
#2177=ORIENTED_EDGE('',*,*,#1633,.F.);
#2178=ORIENTED_EDGE('',*,*,#1628,.F.);
#2179=ORIENTED_EDGE('',*,*,#1607,.T.);
#2180=ORIENTED_EDGE('',*,*,#1632,.T.);
#2181=ORIENTED_EDGE('',*,*,#1634,.T.);
#2182=ORIENTED_EDGE('',*,*,#1629,.F.);
#2183=ORIENTED_EDGE('',*,*,#1633,.T.);
#2184=ORIENTED_EDGE('',*,*,#1635,.T.);
#2185=ORIENTED_EDGE('',*,*,#1636,.T.);
#2186=ORIENTED_EDGE('',*,*,#1616,.T.);
#2187=ORIENTED_EDGE('',*,*,#1636,.F.);
#2188=ORIENTED_EDGE('',*,*,#1626,.F.);
#2189=ORIENTED_EDGE('',*,*,#1622,.F.);
#2190=ORIENTED_EDGE('',*,*,#1618,.F.);
#2191=ORIENTED_EDGE('',*,*,#1621,.F.);
#2192=ORIENTED_EDGE('',*,*,#1625,.F.);
#2193=ORIENTED_EDGE('',*,*,#1630,.F.);
#2194=ORIENTED_EDGE('',*,*,#1634,.F.);
#2195=ORIENTED_EDGE('',*,*,#1631,.F.);
#2196=ORIENTED_EDGE('',*,*,#1635,.F.);
#2197=ORIENTED_EDGE('',*,*,#1637,.F.);
#2198=ORIENTED_EDGE('',*,*,#1638,.F.);
#2199=ORIENTED_EDGE('',*,*,#1639,.F.);
#2200=ORIENTED_EDGE('',*,*,#1640,.F.);
#2201=ORIENTED_EDGE('',*,*,#1641,.F.);
#2202=ORIENTED_EDGE('',*,*,#1642,.F.);
#2203=ORIENTED_EDGE('',*,*,#1643,.F.);
#2204=ORIENTED_EDGE('',*,*,#1644,.F.);
#2205=ORIENTED_EDGE('',*,*,#1645,.F.);
#2206=ORIENTED_EDGE('',*,*,#1645,.T.);
#2207=ORIENTED_EDGE('',*,*,#1646,.T.);
#2208=ORIENTED_EDGE('',*,*,#1647,.T.);
#2209=ORIENTED_EDGE('',*,*,#1646,.F.);
#2210=ORIENTED_EDGE('',*,*,#1648,.T.);
#2211=ORIENTED_EDGE('',*,*,#1649,.T.);
#2212=ORIENTED_EDGE('',*,*,#1650,.F.);
#2213=ORIENTED_EDGE('',*,*,#1639,.T.);
#2214=ORIENTED_EDGE('',*,*,#1651,.T.);
#2215=ORIENTED_EDGE('',*,*,#1652,.T.);
#2216=ORIENTED_EDGE('',*,*,#1653,.F.);
#2217=ORIENTED_EDGE('',*,*,#1649,.F.);
#2218=ORIENTED_EDGE('',*,*,#1654,.T.);
#2219=ORIENTED_EDGE('',*,*,#1651,.F.);
#2220=ORIENTED_EDGE('',*,*,#1638,.T.);
#2221=ORIENTED_EDGE('',*,*,#1655,.F.);
#2222=ORIENTED_EDGE('',*,*,#1656,.T.);
#2223=ORIENTED_EDGE('',*,*,#1655,.T.);
#2224=ORIENTED_EDGE('',*,*,#1637,.T.);
#2225=ORIENTED_EDGE('',*,*,#1657,.F.);
#2226=ORIENTED_EDGE('',*,*,#1658,.T.);
#2227=ORIENTED_EDGE('',*,*,#1657,.T.);
#2228=ORIENTED_EDGE('',*,*,#1644,.T.);
#2229=ORIENTED_EDGE('',*,*,#1659,.F.);
#2230=ORIENTED_EDGE('',*,*,#1660,.T.);
#2231=ORIENTED_EDGE('',*,*,#1661,.T.);
#2232=ORIENTED_EDGE('',*,*,#1640,.T.);
#2233=ORIENTED_EDGE('',*,*,#1650,.T.);
#2234=ORIENTED_EDGE('',*,*,#1653,.T.);
#2235=ORIENTED_EDGE('',*,*,#1662,.T.);
#2236=ORIENTED_EDGE('',*,*,#1663,.F.);
#2237=ORIENTED_EDGE('',*,*,#1641,.T.);
#2238=ORIENTED_EDGE('',*,*,#1661,.F.);
#2239=ORIENTED_EDGE('',*,*,#1664,.T.);
#2240=ORIENTED_EDGE('',*,*,#1665,.F.);
#2241=ORIENTED_EDGE('',*,*,#1642,.T.);
#2242=ORIENTED_EDGE('',*,*,#1663,.T.);
#2243=ORIENTED_EDGE('',*,*,#1666,.T.);
#2244=ORIENTED_EDGE('',*,*,#1659,.T.);
#2245=ORIENTED_EDGE('',*,*,#1643,.T.);
#2246=ORIENTED_EDGE('',*,*,#1665,.T.);
#2247=ORIENTED_EDGE('',*,*,#1648,.F.);
#2248=ORIENTED_EDGE('',*,*,#1654,.F.);
#2249=ORIENTED_EDGE('',*,*,#1656,.F.);
#2250=ORIENTED_EDGE('',*,*,#1658,.F.);
#2251=ORIENTED_EDGE('',*,*,#1666,.F.);
#2252=ORIENTED_EDGE('',*,*,#1664,.F.);
#2253=ORIENTED_EDGE('',*,*,#1662,.F.);
#2254=ORIENTED_EDGE('',*,*,#1660,.F.);
#2255=ORIENTED_EDGE('',*,*,#1652,.F.);
#2256=ORIENTED_EDGE('',*,*,#1647,.F.);
#2257=ORIENTED_EDGE('',*,*,#1667,.F.);
#2258=ORIENTED_EDGE('',*,*,#1668,.F.);
#2259=ORIENTED_EDGE('',*,*,#1669,.F.);
#2260=ORIENTED_EDGE('',*,*,#1670,.F.);
#2261=ORIENTED_EDGE('',*,*,#1671,.F.);
#2262=ORIENTED_EDGE('',*,*,#1672,.F.);
#2263=ORIENTED_EDGE('',*,*,#1673,.F.);
#2264=ORIENTED_EDGE('',*,*,#1674,.F.);
#2265=ORIENTED_EDGE('',*,*,#1675,.F.);
#2266=ORIENTED_EDGE('',*,*,#1671,.T.);
#2267=ORIENTED_EDGE('',*,*,#1676,.F.);
#2268=ORIENTED_EDGE('',*,*,#1677,.T.);
#2269=ORIENTED_EDGE('',*,*,#1678,.T.);
#2270=ORIENTED_EDGE('',*,*,#1672,.T.);
#2271=ORIENTED_EDGE('',*,*,#1678,.F.);
#2272=ORIENTED_EDGE('',*,*,#1679,.T.);
#2273=ORIENTED_EDGE('',*,*,#1680,.F.);
#2274=ORIENTED_EDGE('',*,*,#1673,.T.);
#2275=ORIENTED_EDGE('',*,*,#1680,.T.);
#2276=ORIENTED_EDGE('',*,*,#1681,.T.);
#2277=ORIENTED_EDGE('',*,*,#1682,.T.);
#2278=ORIENTED_EDGE('',*,*,#1683,.F.);
#2279=ORIENTED_EDGE('',*,*,#1674,.T.);
#2280=ORIENTED_EDGE('',*,*,#1683,.T.);
#2281=ORIENTED_EDGE('',*,*,#1684,.T.);
#2282=ORIENTED_EDGE('',*,*,#1685,.T.);
#2283=ORIENTED_EDGE('',*,*,#1669,.T.);
#2284=ORIENTED_EDGE('',*,*,#1686,.F.);
#2285=ORIENTED_EDGE('',*,*,#1687,.T.);
#2286=ORIENTED_EDGE('',*,*,#1688,.F.);
#2287=ORIENTED_EDGE('',*,*,#1668,.T.);
#2288=ORIENTED_EDGE('',*,*,#1689,.F.);
#2289=ORIENTED_EDGE('',*,*,#1690,.T.);
#2290=ORIENTED_EDGE('',*,*,#1691,.T.);
#2291=ORIENTED_EDGE('',*,*,#1686,.T.);
#2292=ORIENTED_EDGE('',*,*,#1670,.T.);
#2293=ORIENTED_EDGE('',*,*,#1688,.T.);
#2294=ORIENTED_EDGE('',*,*,#1692,.T.);
#2295=ORIENTED_EDGE('',*,*,#1676,.T.);
#2296=ORIENTED_EDGE('',*,*,#1667,.T.);
#2297=ORIENTED_EDGE('',*,*,#1685,.F.);
#2298=ORIENTED_EDGE('',*,*,#1693,.T.);
#2299=ORIENTED_EDGE('',*,*,#1689,.T.);
#2300=ORIENTED_EDGE('',*,*,#1694,.T.);
#2301=ORIENTED_EDGE('',*,*,#1695,.T.);
#2302=ORIENTED_EDGE('',*,*,#1675,.T.);
#2303=ORIENTED_EDGE('',*,*,#1695,.F.);
#2304=ORIENTED_EDGE('',*,*,#1684,.F.);
#2305=ORIENTED_EDGE('',*,*,#1682,.F.);
#2306=ORIENTED_EDGE('',*,*,#1696,.F.);
#2307=ORIENTED_EDGE('',*,*,#1690,.F.);
#2308=ORIENTED_EDGE('',*,*,#1693,.F.);
#2309=ORIENTED_EDGE('',*,*,#1694,.F.);
#2310=ORIENTED_EDGE('',*,*,#1696,.T.);
#2311=ORIENTED_EDGE('',*,*,#1681,.F.);
#2312=ORIENTED_EDGE('',*,*,#1679,.F.);
#2313=ORIENTED_EDGE('',*,*,#1677,.F.);
#2314=ORIENTED_EDGE('',*,*,#1692,.F.);
#2315=ORIENTED_EDGE('',*,*,#1687,.F.);
#2316=ORIENTED_EDGE('',*,*,#1691,.F.);
#2317=ORIENTED_EDGE('',*,*,#1697,.T.);
#2318=ORIENTED_EDGE('',*,*,#1698,.F.);
#2319=ORIENTED_EDGE('',*,*,#1699,.F.);
#2320=ORIENTED_EDGE('',*,*,#1700,.F.);
#2321=ORIENTED_EDGE('',*,*,#1701,.F.);
#2322=ORIENTED_EDGE('',*,*,#1702,.F.);
#2323=ORIENTED_EDGE('',*,*,#1703,.F.);
#2324=ORIENTED_EDGE('',*,*,#1697,.F.);
#2325=ORIENTED_EDGE('',*,*,#1704,.F.);
#2326=ORIENTED_EDGE('',*,*,#1705,.F.);
#2327=ORIENTED_EDGE('',*,*,#1706,.F.);
#2328=ORIENTED_EDGE('',*,*,#1707,.F.);
#2329=ORIENTED_EDGE('',*,*,#1708,.F.);
#2330=ORIENTED_EDGE('',*,*,#1708,.T.);
#2331=ORIENTED_EDGE('',*,*,#1709,.T.);
#2332=ORIENTED_EDGE('',*,*,#1710,.T.);
#2333=ORIENTED_EDGE('',*,*,#1709,.F.);
#2334=ORIENTED_EDGE('',*,*,#1711,.T.);
#2335=ORIENTED_EDGE('',*,*,#1712,.T.);
#2336=ORIENTED_EDGE('',*,*,#1698,.T.);
#2337=ORIENTED_EDGE('',*,*,#1707,.T.);
#2338=ORIENTED_EDGE('',*,*,#1713,.F.);
#2339=ORIENTED_EDGE('',*,*,#1714,.T.);
#2340=ORIENTED_EDGE('',*,*,#1715,.F.);
#2341=ORIENTED_EDGE('',*,*,#1699,.T.);
#2342=ORIENTED_EDGE('',*,*,#1712,.F.);
#2343=ORIENTED_EDGE('',*,*,#1716,.T.);
#2344=ORIENTED_EDGE('',*,*,#1713,.T.);
#2345=ORIENTED_EDGE('',*,*,#1706,.T.);
#2346=ORIENTED_EDGE('',*,*,#1717,.F.);
#2347=ORIENTED_EDGE('',*,*,#1718,.T.);
#2348=ORIENTED_EDGE('',*,*,#1719,.F.);
#2349=ORIENTED_EDGE('',*,*,#1700,.T.);
#2350=ORIENTED_EDGE('',*,*,#1715,.T.);
#2351=ORIENTED_EDGE('',*,*,#1720,.T.);
#2352=ORIENTED_EDGE('',*,*,#1717,.T.);
#2353=ORIENTED_EDGE('',*,*,#1705,.T.);
#2354=ORIENTED_EDGE('',*,*,#1721,.T.);
#2355=ORIENTED_EDGE('',*,*,#1722,.T.);
#2356=ORIENTED_EDGE('',*,*,#1721,.F.);
#2357=ORIENTED_EDGE('',*,*,#1704,.T.);
#2358=ORIENTED_EDGE('',*,*,#1703,.T.);
#2359=ORIENTED_EDGE('',*,*,#1723,.T.);
#2360=ORIENTED_EDGE('',*,*,#1724,.T.);
#2361=ORIENTED_EDGE('',*,*,#1723,.F.);
#2362=ORIENTED_EDGE('',*,*,#1702,.T.);
#2363=ORIENTED_EDGE('',*,*,#1725,.F.);
#2364=ORIENTED_EDGE('',*,*,#1726,.T.);
#2365=ORIENTED_EDGE('',*,*,#1725,.T.);
#2366=ORIENTED_EDGE('',*,*,#1701,.T.);
#2367=ORIENTED_EDGE('',*,*,#1719,.T.);
#2368=ORIENTED_EDGE('',*,*,#1711,.F.);
#2369=ORIENTED_EDGE('',*,*,#1716,.F.);
#2370=ORIENTED_EDGE('',*,*,#1720,.F.);
#2371=ORIENTED_EDGE('',*,*,#1722,.F.);
#2372=ORIENTED_EDGE('',*,*,#1724,.F.);
#2373=ORIENTED_EDGE('',*,*,#1726,.F.);
#2374=ORIENTED_EDGE('',*,*,#1718,.F.);
#2375=ORIENTED_EDGE('',*,*,#1714,.F.);
#2376=ORIENTED_EDGE('',*,*,#1710,.F.);
#2377=ORIENTED_EDGE('',*,*,#1727,.F.);
#2378=ORIENTED_EDGE('',*,*,#1728,.F.);
#2379=ORIENTED_EDGE('',*,*,#1729,.F.);
#2380=ORIENTED_EDGE('',*,*,#1730,.F.);
#2381=ORIENTED_EDGE('',*,*,#1731,.F.);
#2382=ORIENTED_EDGE('',*,*,#1732,.F.);
#2383=ORIENTED_EDGE('',*,*,#1733,.F.);
#2384=ORIENTED_EDGE('',*,*,#1734,.F.);
#2385=ORIENTED_EDGE('',*,*,#1735,.F.);
#2386=ORIENTED_EDGE('',*,*,#1731,.T.);
#2387=ORIENTED_EDGE('',*,*,#1736,.F.);
#2388=ORIENTED_EDGE('',*,*,#1737,.T.);
#2389=ORIENTED_EDGE('',*,*,#1738,.F.);
#2390=ORIENTED_EDGE('',*,*,#1732,.T.);
#2391=ORIENTED_EDGE('',*,*,#1738,.T.);
#2392=ORIENTED_EDGE('',*,*,#1739,.T.);
#2393=ORIENTED_EDGE('',*,*,#1740,.T.);
#2394=ORIENTED_EDGE('',*,*,#1741,.F.);
#2395=ORIENTED_EDGE('',*,*,#1730,.T.);
#2396=ORIENTED_EDGE('',*,*,#1742,.T.);
#2397=ORIENTED_EDGE('',*,*,#1743,.T.);
#2398=ORIENTED_EDGE('',*,*,#1736,.T.);
#2399=ORIENTED_EDGE('',*,*,#1733,.T.);
#2400=ORIENTED_EDGE('',*,*,#1741,.T.);
#2401=ORIENTED_EDGE('',*,*,#1744,.T.);
#2402=ORIENTED_EDGE('',*,*,#1745,.F.);
#2403=ORIENTED_EDGE('',*,*,#1729,.T.);
#2404=ORIENTED_EDGE('',*,*,#1746,.T.);
#2405=ORIENTED_EDGE('',*,*,#1747,.T.);
#2406=ORIENTED_EDGE('',*,*,#1742,.F.);
#2407=ORIENTED_EDGE('',*,*,#1734,.T.);
#2408=ORIENTED_EDGE('',*,*,#1745,.T.);
#2409=ORIENTED_EDGE('',*,*,#1748,.T.);
#2410=ORIENTED_EDGE('',*,*,#1749,.T.);
#2411=ORIENTED_EDGE('',*,*,#1728,.T.);
#2412=ORIENTED_EDGE('',*,*,#1750,.F.);
#2413=ORIENTED_EDGE('',*,*,#1751,.T.);
#2414=ORIENTED_EDGE('',*,*,#1746,.F.);
#2415=ORIENTED_EDGE('',*,*,#1727,.T.);
#2416=ORIENTED_EDGE('',*,*,#1749,.F.);
#2417=ORIENTED_EDGE('',*,*,#1752,.T.);
#2418=ORIENTED_EDGE('',*,*,#1753,.T.);
#2419=ORIENTED_EDGE('',*,*,#1750,.T.);
#2420=ORIENTED_EDGE('',*,*,#1754,.T.);
#2421=ORIENTED_EDGE('',*,*,#1755,.T.);
#2422=ORIENTED_EDGE('',*,*,#1735,.T.);
#2423=ORIENTED_EDGE('',*,*,#1755,.F.);
#2424=ORIENTED_EDGE('',*,*,#1748,.F.);
#2425=ORIENTED_EDGE('',*,*,#1744,.F.);
#2426=ORIENTED_EDGE('',*,*,#1740,.F.);
#2427=ORIENTED_EDGE('',*,*,#1756,.F.);
#2428=ORIENTED_EDGE('',*,*,#1752,.F.);
#2429=ORIENTED_EDGE('',*,*,#1754,.F.);
#2430=ORIENTED_EDGE('',*,*,#1756,.T.);
#2431=ORIENTED_EDGE('',*,*,#1739,.F.);
#2432=ORIENTED_EDGE('',*,*,#1737,.F.);
#2433=ORIENTED_EDGE('',*,*,#1743,.F.);
#2434=ORIENTED_EDGE('',*,*,#1747,.F.);
#2435=ORIENTED_EDGE('',*,*,#1751,.F.);
#2436=ORIENTED_EDGE('',*,*,#1753,.F.);
#2437=ORIENTED_EDGE('',*,*,#1757,.T.);
#2438=ORIENTED_EDGE('',*,*,#1758,.F.);
#2439=ORIENTED_EDGE('',*,*,#1759,.F.);
#2440=ORIENTED_EDGE('',*,*,#1760,.F.);
#2441=ORIENTED_EDGE('',*,*,#1761,.F.);
#2442=ORIENTED_EDGE('',*,*,#1762,.F.);
#2443=ORIENTED_EDGE('',*,*,#1763,.F.);
#2444=ORIENTED_EDGE('',*,*,#1757,.F.);
#2445=ORIENTED_EDGE('',*,*,#1764,.F.);
#2446=ORIENTED_EDGE('',*,*,#1765,.F.);
#2447=ORIENTED_EDGE('',*,*,#1766,.F.);
#2448=ORIENTED_EDGE('',*,*,#1767,.F.);
#2449=ORIENTED_EDGE('',*,*,#1768,.F.);
#2450=ORIENTED_EDGE('',*,*,#1768,.T.);
#2451=ORIENTED_EDGE('',*,*,#1769,.T.);
#2452=ORIENTED_EDGE('',*,*,#1770,.T.);
#2453=ORIENTED_EDGE('',*,*,#1769,.F.);
#2454=ORIENTED_EDGE('',*,*,#1771,.T.);
#2455=ORIENTED_EDGE('',*,*,#1772,.T.);
#2456=ORIENTED_EDGE('',*,*,#1766,.T.);
#2457=ORIENTED_EDGE('',*,*,#1773,.T.);
#2458=ORIENTED_EDGE('',*,*,#1774,.T.);
#2459=ORIENTED_EDGE('',*,*,#1775,.T.);
#2460=ORIENTED_EDGE('',*,*,#1758,.T.);
#2461=ORIENTED_EDGE('',*,*,#1767,.T.);
#2462=ORIENTED_EDGE('',*,*,#1772,.F.);
#2463=ORIENTED_EDGE('',*,*,#1776,.T.);
#2464=ORIENTED_EDGE('',*,*,#1777,.F.);
#2465=ORIENTED_EDGE('',*,*,#1759,.T.);
#2466=ORIENTED_EDGE('',*,*,#1775,.F.);
#2467=ORIENTED_EDGE('',*,*,#1778,.T.);
#2468=ORIENTED_EDGE('',*,*,#1779,.T.);
#2469=ORIENTED_EDGE('',*,*,#1760,.T.);
#2470=ORIENTED_EDGE('',*,*,#1777,.T.);
#2471=ORIENTED_EDGE('',*,*,#1780,.T.);
#2472=ORIENTED_EDGE('',*,*,#1773,.F.);
#2473=ORIENTED_EDGE('',*,*,#1765,.T.);
#2474=ORIENTED_EDGE('',*,*,#1781,.T.);
#2475=ORIENTED_EDGE('',*,*,#1782,.T.);
#2476=ORIENTED_EDGE('',*,*,#1781,.F.);
#2477=ORIENTED_EDGE('',*,*,#1764,.T.);
#2478=ORIENTED_EDGE('',*,*,#1763,.T.);
#2479=ORIENTED_EDGE('',*,*,#1783,.T.);
#2480=ORIENTED_EDGE('',*,*,#1784,.T.);
#2481=ORIENTED_EDGE('',*,*,#1783,.F.);
#2482=ORIENTED_EDGE('',*,*,#1762,.T.);
#2483=ORIENTED_EDGE('',*,*,#1785,.F.);
#2484=ORIENTED_EDGE('',*,*,#1786,.T.);
#2485=ORIENTED_EDGE('',*,*,#1785,.T.);
#2486=ORIENTED_EDGE('',*,*,#1761,.T.);
#2487=ORIENTED_EDGE('',*,*,#1779,.F.);
#2488=ORIENTED_EDGE('',*,*,#1782,.F.);
#2489=ORIENTED_EDGE('',*,*,#1784,.F.);
#2490=ORIENTED_EDGE('',*,*,#1786,.F.);
#2491=ORIENTED_EDGE('',*,*,#1778,.F.);
#2492=ORIENTED_EDGE('',*,*,#1776,.F.);
#2493=ORIENTED_EDGE('',*,*,#1774,.F.);
#2494=ORIENTED_EDGE('',*,*,#1771,.F.);
#2495=ORIENTED_EDGE('',*,*,#1780,.F.);
#2496=ORIENTED_EDGE('',*,*,#1770,.F.);
#2497=ORIENTED_EDGE('',*,*,#1787,.T.);
#2498=ORIENTED_EDGE('',*,*,#1788,.T.);
#2499=ORIENTED_EDGE('',*,*,#1789,.F.);
#2500=ORIENTED_EDGE('',*,*,#1790,.F.);
#2501=ORIENTED_EDGE('',*,*,#1791,.T.);
#2502=ORIENTED_EDGE('',*,*,#1792,.T.);
#2503=ORIENTED_EDGE('',*,*,#1793,.T.);
#2504=ORIENTED_EDGE('',*,*,#1794,.T.);
#2505=ORIENTED_EDGE('',*,*,#1795,.T.);
#2506=ORIENTED_EDGE('',*,*,#1796,.T.);
#2507=ORIENTED_EDGE('',*,*,#1797,.T.);
#2508=ORIENTED_EDGE('',*,*,#1798,.T.);
#2509=ORIENTED_EDGE('',*,*,#1799,.T.);
#2510=ORIENTED_EDGE('',*,*,#1800,.F.);
#2511=ORIENTED_EDGE('',*,*,#1801,.T.);
#2512=ORIENTED_EDGE('',*,*,#1799,.F.);
#2513=ORIENTED_EDGE('',*,*,#1802,.T.);
#2514=ORIENTED_EDGE('',*,*,#1800,.T.);
#2515=ORIENTED_EDGE('',*,*,#1802,.F.);
#2516=ORIENTED_EDGE('',*,*,#1797,.F.);
#2517=ORIENTED_EDGE('',*,*,#1798,.F.);
#2518=ORIENTED_EDGE('',*,*,#1803,.T.);
#2519=ORIENTED_EDGE('',*,*,#1804,.F.);
#2520=ORIENTED_EDGE('',*,*,#1805,.F.);
#2521=ORIENTED_EDGE('',*,*,#1803,.F.);
#2522=ORIENTED_EDGE('',*,*,#1804,.T.);
#2523=ORIENTED_EDGE('',*,*,#1805,.T.);
#2524=ORIENTED_EDGE('',*,*,#1806,.F.);
#2525=ORIENTED_EDGE('',*,*,#1795,.F.);
#2526=ORIENTED_EDGE('',*,*,#1796,.F.);
#2527=ORIENTED_EDGE('',*,*,#1807,.T.);
#2528=ORIENTED_EDGE('',*,*,#1808,.F.);
#2529=ORIENTED_EDGE('',*,*,#1809,.F.);
#2530=ORIENTED_EDGE('',*,*,#1807,.F.);
#2531=ORIENTED_EDGE('',*,*,#1808,.T.);
#2532=ORIENTED_EDGE('',*,*,#1809,.T.);
#2533=ORIENTED_EDGE('',*,*,#1810,.F.);
#2534=ORIENTED_EDGE('',*,*,#1793,.F.);
#2535=ORIENTED_EDGE('',*,*,#1794,.F.);
#2536=ORIENTED_EDGE('',*,*,#1811,.T.);
#2537=ORIENTED_EDGE('',*,*,#1812,.F.);
#2538=ORIENTED_EDGE('',*,*,#1813,.F.);
#2539=ORIENTED_EDGE('',*,*,#1811,.F.);
#2540=ORIENTED_EDGE('',*,*,#1812,.T.);
#2541=ORIENTED_EDGE('',*,*,#1813,.T.);
#2542=ORIENTED_EDGE('',*,*,#1814,.F.);
#2543=ORIENTED_EDGE('',*,*,#1791,.F.);
#2544=ORIENTED_EDGE('',*,*,#1792,.F.);
#2545=ORIENTED_EDGE('',*,*,#1815,.T.);
#2546=ORIENTED_EDGE('',*,*,#1816,.F.);
#2547=ORIENTED_EDGE('',*,*,#1817,.F.);
#2548=ORIENTED_EDGE('',*,*,#1815,.F.);
#2549=ORIENTED_EDGE('',*,*,#1816,.T.);
#2550=ORIENTED_EDGE('',*,*,#1817,.T.);
#2551=ORIENTED_EDGE('',*,*,#1818,.F.);
#2552=ORIENTED_EDGE('',*,*,#1806,.T.);
#2553=ORIENTED_EDGE('',*,*,#1819,.T.);
#2554=ORIENTED_EDGE('',*,*,#1820,.T.);
#2555=ORIENTED_EDGE('',*,*,#1819,.F.);
#2556=ORIENTED_EDGE('',*,*,#1810,.T.);
#2557=ORIENTED_EDGE('',*,*,#1821,.T.);
#2558=ORIENTED_EDGE('',*,*,#1822,.T.);
#2559=ORIENTED_EDGE('',*,*,#1821,.F.);
#2560=ORIENTED_EDGE('',*,*,#1814,.T.);
#2561=ORIENTED_EDGE('',*,*,#1823,.T.);
#2562=ORIENTED_EDGE('',*,*,#1824,.T.);
#2563=ORIENTED_EDGE('',*,*,#1823,.F.);
#2564=ORIENTED_EDGE('',*,*,#1818,.T.);
#2565=ORIENTED_EDGE('',*,*,#1825,.T.);
#2566=ORIENTED_EDGE('',*,*,#1826,.T.);
#2567=ORIENTED_EDGE('',*,*,#1825,.F.);
#2568=ORIENTED_EDGE('',*,*,#1801,.F.);
#2569=ORIENTED_EDGE('',*,*,#1827,.T.);
#2570=ORIENTED_EDGE('',*,*,#1828,.F.);
#2571=ORIENTED_EDGE('',*,*,#1829,.T.);
#2572=ORIENTED_EDGE('',*,*,#1830,.F.);
#2573=ORIENTED_EDGE('',*,*,#1831,.T.);
#2574=ORIENTED_EDGE('',*,*,#1832,.F.);
#2575=ORIENTED_EDGE('',*,*,#1833,.T.);
#2576=ORIENTED_EDGE('',*,*,#1834,.F.);
#2577=ORIENTED_EDGE('',*,*,#1835,.T.);
#2578=ORIENTED_EDGE('',*,*,#1836,.F.);
#2579=ORIENTED_EDGE('',*,*,#1827,.F.);
#2580=ORIENTED_EDGE('',*,*,#1837,.T.);
#2581=ORIENTED_EDGE('',*,*,#1838,.F.);
#2582=ORIENTED_EDGE('',*,*,#1839,.T.);
#2583=ORIENTED_EDGE('',*,*,#1834,.T.);
#2584=ORIENTED_EDGE('',*,*,#1840,.T.);
#2585=ORIENTED_EDGE('',*,*,#1828,.T.);
#2586=ORIENTED_EDGE('',*,*,#1836,.T.);
#2587=ORIENTED_EDGE('',*,*,#1841,.T.);
#2588=ORIENTED_EDGE('',*,*,#1842,.F.);
#2589=ORIENTED_EDGE('',*,*,#1843,.T.);
#2590=ORIENTED_EDGE('',*,*,#1842,.T.);
#2591=ORIENTED_EDGE('',*,*,#1844,.T.);
#2592=ORIENTED_EDGE('',*,*,#1845,.T.);
#2593=ORIENTED_EDGE('',*,*,#1790,.T.);
#2594=ORIENTED_EDGE('',*,*,#1846,.F.);
#2595=ORIENTED_EDGE('',*,*,#1847,.T.);
#2596=ORIENTED_EDGE('',*,*,#1848,.F.);
#2597=ORIENTED_EDGE('',*,*,#1787,.F.);
#2598=ORIENTED_EDGE('',*,*,#1845,.F.);
#2599=ORIENTED_EDGE('',*,*,#1849,.T.);
#2600=ORIENTED_EDGE('',*,*,#1838,.T.);
#2601=ORIENTED_EDGE('',*,*,#1850,.T.);
#2602=ORIENTED_EDGE('',*,*,#1851,.F.);
#2603=ORIENTED_EDGE('',*,*,#1852,.T.);
#2604=ORIENTED_EDGE('',*,*,#1832,.T.);
#2605=ORIENTED_EDGE('',*,*,#1853,.T.);
#2606=ORIENTED_EDGE('',*,*,#1854,.F.);
#2607=ORIENTED_EDGE('',*,*,#1788,.F.);
#2608=ORIENTED_EDGE('',*,*,#1848,.T.);
#2609=ORIENTED_EDGE('',*,*,#1855,.T.);
#2610=ORIENTED_EDGE('',*,*,#1851,.T.);
#2611=ORIENTED_EDGE('',*,*,#1856,.T.);
#2612=ORIENTED_EDGE('',*,*,#1857,.F.);
#2613=ORIENTED_EDGE('',*,*,#1858,.T.);
#2614=ORIENTED_EDGE('',*,*,#1830,.T.);
#2615=ORIENTED_EDGE('',*,*,#1859,.T.);
#2616=ORIENTED_EDGE('',*,*,#1846,.T.);
#2617=ORIENTED_EDGE('',*,*,#1789,.T.);
#2618=ORIENTED_EDGE('',*,*,#1854,.T.);
#2619=ORIENTED_EDGE('',*,*,#1860,.T.);
#2620=ORIENTED_EDGE('',*,*,#1857,.T.);
#2621=ORIENTED_EDGE('',*,*,#1829,.F.);
#2622=ORIENTED_EDGE('',*,*,#1840,.F.);
#2623=ORIENTED_EDGE('',*,*,#1843,.F.);
#2624=ORIENTED_EDGE('',*,*,#1859,.F.);
#2625=ORIENTED_EDGE('',*,*,#1856,.F.);
#2626=ORIENTED_EDGE('',*,*,#1826,.F.);
#2627=ORIENTED_EDGE('',*,*,#1855,.F.);
#2628=ORIENTED_EDGE('',*,*,#1847,.F.);
#2629=ORIENTED_EDGE('',*,*,#1837,.F.);
#2630=ORIENTED_EDGE('',*,*,#1833,.F.);
#2631=ORIENTED_EDGE('',*,*,#1852,.F.);
#2632=ORIENTED_EDGE('',*,*,#1822,.F.);
#2633=ORIENTED_EDGE('',*,*,#1844,.F.);
#2634=ORIENTED_EDGE('',*,*,#1841,.F.);
#2635=ORIENTED_EDGE('',*,*,#1835,.F.);
#2636=ORIENTED_EDGE('',*,*,#1839,.F.);
#2637=ORIENTED_EDGE('',*,*,#1849,.F.);
#2638=ORIENTED_EDGE('',*,*,#1820,.F.);
#2639=ORIENTED_EDGE('',*,*,#1831,.F.);
#2640=ORIENTED_EDGE('',*,*,#1858,.F.);
#2641=ORIENTED_EDGE('',*,*,#1860,.F.);
#2642=ORIENTED_EDGE('',*,*,#1853,.F.);
#2643=ORIENTED_EDGE('',*,*,#1850,.F.);
#2644=ORIENTED_EDGE('',*,*,#1824,.F.);
#2645=PLANE('',#2902);
#2646=PLANE('',#2905);
#2647=PLANE('',#2908);
#2648=PLANE('',#2911);
#2649=PLANE('',#2917);
#2650=PLANE('',#2921);
#2651=PLANE('',#2931);
#2652=PLANE('',#2935);
#2653=PLANE('',#2941);
#2654=PLANE('',#2943);
#2655=PLANE('',#2948);
#2656=PLANE('',#2959);
#2657=PLANE('',#2960);
#2658=PLANE('',#2961);
#2659=PLANE('',#2962);
#2660=PLANE('',#2968);
#2661=PLANE('',#2970);
#2662=PLANE('',#2974);
#2663=PLANE('',#2978);
#2664=PLANE('',#2985);
#2665=PLANE('',#2986);
#2666=PLANE('',#2997);
#2667=PLANE('',#3001);
#2668=PLANE('',#3004);
#2669=PLANE('',#3006);
#2670=PLANE('',#3009);
#2671=PLANE('',#3010);
#2672=PLANE('',#3013);
#2673=PLANE('',#3017);
#2674=PLANE('',#3019);
#2675=PLANE('',#3026);
#2676=PLANE('',#3033);
#2677=PLANE('',#3034);
#2678=PLANE('',#3045);
#2679=PLANE('',#3049);
#2680=PLANE('',#3052);
#2681=PLANE('',#3056);
#2682=PLANE('',#3057);
#2683=PLANE('',#3058);
#2684=PLANE('',#3063);
#2685=PLANE('',#3067);
#2686=PLANE('',#3068);
#2687=PLANE('',#3074);
#2688=PLANE('',#3077);
#2689=PLANE('',#3082);
#2690=PLANE('',#3089);
#2691=PLANE('',#3091);
#2692=PLANE('',#3094);
#2693=PLANE('',#3098);
#2694=PLANE('',#3101);
#2695=PLANE('',#3102);
#2696=PLANE('',#3104);
#2697=PLANE('',#3111);
#2698=PLANE('',#3114);
#2699=PLANE('',#3116);
#2700=PLANE('',#3121);
#2701=PLANE('',#3126);
#2702=PLANE('',#3130);
#2703=PLANE('',#3134);
#2704=PLANE('',#3138);
#2705=PLANE('',#3142);
#2706=PLANE('',#3145);
#2707=PLANE('',#3146);
#2708=PLANE('',#3156);
#2709=PLANE('',#3163);
#2710=PLANE('',#3168);
#2711=PLANE('',#3173);
#2712=PLANE('',#3178);
#2713=PLANE('',#3197);
#2714=PLANE('',#3198);
#2715=PLANE('',#3201);
#2716=PLANE('',#3204);
#2717=PLANE('',#3205);
#2718=PLANE('',#3206);
#2719=PLANE('',#3207);
#2720=PLANE('',#3208);
#2721=ADVANCED_FACE('',(#295,#255),#2645,.F.);
#2722=ADVANCED_FACE('',(#296,#256),#2646,.F.);
#2723=ADVANCED_FACE('',(#297,#257),#2647,.F.);
#2724=ADVANCED_FACE('',(#298,#258),#2648,.F.);
#2725=ADVANCED_FACE('',(#299),#65,.F.);
#2726=ADVANCED_FACE('',(#300),#2649,.T.);
#2727=ADVANCED_FACE('',(#301),#66,.F.);
#2728=ADVANCED_FACE('',(#302),#2650,.F.);
#2729=ADVANCED_FACE('',(#303),#67,.F.);
#2730=ADVANCED_FACE('',(#304),#68,.F.);
#2731=ADVANCED_FACE('',(#305),#2651,.F.);
#2732=ADVANCED_FACE('',(#306),#69,.F.);
#2733=ADVANCED_FACE('',(#307),#2652,.F.);
#2734=ADVANCED_FACE('',(#308),#70,.F.);
#2735=ADVANCED_FACE('',(#309),#71,.F.);
#2736=ADVANCED_FACE('',(#310),#2653,.T.);
#2737=ADVANCED_FACE('',(#311),#2654,.T.);
#2738=ADVANCED_FACE('',(#312),#72,.F.);
#2739=ADVANCED_FACE('',(#313),#73,.F.);
#2740=ADVANCED_FACE('',(#314,#259),#2655,.F.);
#2741=ADVANCED_FACE('',(#315),#74,.F.);
#2742=ADVANCED_FACE('',(#316),#75,.F.);
#2743=ADVANCED_FACE('',(#317),#76,.F.);
#2744=ADVANCED_FACE('',(#318),#77,.F.);
#2745=ADVANCED_FACE('',(#319),#78,.F.);
#2746=ADVANCED_FACE('',(#320),#2656,.T.);
#2747=ADVANCED_FACE('',(#321,#260,#261,#262,#263,#264),#2657,.T.);
#2748=ADVANCED_FACE('',(#322),#2658,.T.);
#2749=ADVANCED_FACE('',(#323,#265),#2659,.F.);
#2750=ADVANCED_FACE('',(#324),#79,.F.);
#2751=ADVANCED_FACE('',(#325),#2660,.F.);
#2752=ADVANCED_FACE('',(#326),#2661,.T.);
#2753=ADVANCED_FACE('',(#327),#80,.F.);
#2754=ADVANCED_FACE('',(#328),#2662,.T.);
#2755=ADVANCED_FACE('',(#329),#81,.F.);
#2756=ADVANCED_FACE('',(#330),#2663,.T.);
#2757=ADVANCED_FACE('',(#331),#82,.F.);
#2758=ADVANCED_FACE('',(#332),#83,.F.);
#2759=ADVANCED_FACE('',(#333),#84,.F.);
#2760=ADVANCED_FACE('',(#334,#266),#2664,.F.);
#2761=ADVANCED_FACE('',(#335,#267),#2665,.F.);
#2762=ADVANCED_FACE('',(#336),#85,.F.);
#2763=ADVANCED_FACE('',(#337),#86,.F.);
#2764=ADVANCED_FACE('',(#338),#87,.F.);
#2765=ADVANCED_FACE('',(#339),#2666,.F.);
#2766=ADVANCED_FACE('',(#340),#88,.F.);
#2767=ADVANCED_FACE('',(#341),#2667,.F.);
#2768=ADVANCED_FACE('',(#342),#89,.F.);
#2769=ADVANCED_FACE('',(#343),#2668,.T.);
#2770=ADVANCED_FACE('',(#344),#2669,.F.);
#2771=ADVANCED_FACE('',(#345),#90,.F.);
#2772=ADVANCED_FACE('',(#346,#268),#2670,.F.);
#2773=ADVANCED_FACE('',(#347,#269),#2671,.F.);
#2774=ADVANCED_FACE('',(#348),#2672,.F.);
#2775=ADVANCED_FACE('',(#349),#91,.F.);
#2776=ADVANCED_FACE('',(#350),#2673,.T.);
#2777=ADVANCED_FACE('',(#351),#2674,.F.);
#2778=ADVANCED_FACE('',(#352),#92,.F.);
#2779=ADVANCED_FACE('',(#353),#93,.F.);
#2780=ADVANCED_FACE('',(#354),#2675,.T.);
#2781=ADVANCED_FACE('',(#355),#94,.F.);
#2782=ADVANCED_FACE('',(#356),#95,.F.);
#2783=ADVANCED_FACE('',(#357),#96,.F.);
#2784=ADVANCED_FACE('',(#358,#270),#2676,.F.);
#2785=ADVANCED_FACE('',(#359,#271),#2677,.F.);
#2786=ADVANCED_FACE('',(#360),#97,.F.);
#2787=ADVANCED_FACE('',(#361),#98,.F.);
#2788=ADVANCED_FACE('',(#362),#99,.F.);
#2789=ADVANCED_FACE('',(#363),#2678,.T.);
#2790=ADVANCED_FACE('',(#364),#100,.F.);
#2791=ADVANCED_FACE('',(#365),#2679,.T.);
#2792=ADVANCED_FACE('',(#366),#101,.F.);
#2793=ADVANCED_FACE('',(#367),#2680,.T.);
#2794=ADVANCED_FACE('',(#368),#102,.F.);
#2795=ADVANCED_FACE('',(#369),#2681,.T.);
#2796=ADVANCED_FACE('',(#370,#272),#2682,.F.);
#2797=ADVANCED_FACE('',(#371,#273),#2683,.F.);
#2798=ADVANCED_FACE('',(#372),#103,.F.);
#2799=ADVANCED_FACE('',(#373),#2684,.F.);
#2800=ADVANCED_FACE('',(#374),#104,.F.);
#2801=ADVANCED_FACE('',(#375),#2685,.T.);
#2802=ADVANCED_FACE('',(#376),#2686,.F.);
#2803=ADVANCED_FACE('',(#377),#105,.F.);
#2804=ADVANCED_FACE('',(#378),#106,.F.);
#2805=ADVANCED_FACE('',(#379),#2687,.F.);
#2806=ADVANCED_FACE('',(#380),#107,.F.);
#2807=ADVANCED_FACE('',(#381,#274),#2688,.F.);
#2808=ADVANCED_FACE('',(#382),#108,.F.);
#2809=ADVANCED_FACE('',(#383),#109,.F.);
#2810=ADVANCED_FACE('',(#384,#275),#2689,.F.);
#2811=ADVANCED_FACE('',(#385),#110,.F.);
#2812=ADVANCED_FACE('',(#386),#111,.F.);
#2813=ADVANCED_FACE('',(#387),#2690,.T.);
#2814=ADVANCED_FACE('',(#388),#2691,.T.);
#2815=ADVANCED_FACE('',(#389),#112,.F.);
#2816=ADVANCED_FACE('',(#390),#2692,.T.);
#2817=ADVANCED_FACE('',(#391),#113,.F.);
#2818=ADVANCED_FACE('',(#392),#2693,.T.);
#2819=ADVANCED_FACE('',(#393),#114,.F.);
#2820=ADVANCED_FACE('',(#394,#276),#2694,.F.);
#2821=ADVANCED_FACE('',(#395,#277),#2695,.F.);
#2822=ADVANCED_FACE('',(#396),#2696,.F.);
#2823=ADVANCED_FACE('',(#397),#115,.F.);
#2824=ADVANCED_FACE('',(#398),#116,.F.);
#2825=ADVANCED_FACE('',(#399),#2697,.F.);
#2826=ADVANCED_FACE('',(#400),#117,.F.);
#2827=ADVANCED_FACE('',(#401),#2698,.T.);
#2828=ADVANCED_FACE('',(#402),#2699,.T.);
#2829=ADVANCED_FACE('',(#403),#118,.F.);
#2830=ADVANCED_FACE('',(#404),#119,.F.);
#2831=ADVANCED_FACE('',(#405,#278),#2700,.F.);
#2832=ADVANCED_FACE('',(#406),#120,.F.);
#2833=ADVANCED_FACE('',(#407),#121,.F.);
#2834=ADVANCED_FACE('',(#408,#279),#2701,.F.);
#2835=ADVANCED_FACE('',(#409),#122,.F.);
#2836=ADVANCED_FACE('',(#410),#2702,.T.);
#2837=ADVANCED_FACE('',(#411),#123,.F.);
#2838=ADVANCED_FACE('',(#412),#2703,.T.);
#2839=ADVANCED_FACE('',(#413),#124,.F.);
#2840=ADVANCED_FACE('',(#414),#2704,.T.);
#2841=ADVANCED_FACE('',(#415),#125,.F.);
#2842=ADVANCED_FACE('',(#416),#2705,.F.);
#2843=ADVANCED_FACE('',(#417),#126,.F.);
#2844=ADVANCED_FACE('',(#418,#280),#2706,.F.);
#2845=ADVANCED_FACE('',(#419,#281,#282,#283,#284,#285),#2707,.T.);
#2846=ADVANCED_FACE('',(#420,#286),#2708,.T.);
#2847=ADVANCED_FACE('',(#421),#127,.F.);
#2848=ADVANCED_FACE('',(#422),#128,.F.);
#2849=ADVANCED_FACE('',(#423,#287),#2709,.T.);
#2850=ADVANCED_FACE('',(#424),#129,.F.);
#2851=ADVANCED_FACE('',(#425,#288),#2710,.T.);
#2852=ADVANCED_FACE('',(#426),#130,.F.);
#2853=ADVANCED_FACE('',(#427,#289),#2711,.T.);
#2854=ADVANCED_FACE('',(#428),#131,.F.);
#2855=ADVANCED_FACE('',(#429,#290),#2712,.T.);
#2856=ADVANCED_FACE('',(#430),#132,.F.);
#2857=ADVANCED_FACE('',(#431),#133,.F.);
#2858=ADVANCED_FACE('',(#432),#134,.F.);
#2859=ADVANCED_FACE('',(#433),#135,.F.);
#2860=ADVANCED_FACE('',(#434),#136,.F.);
#2861=ADVANCED_FACE('',(#435),#137,.F.);
#2862=ADVANCED_FACE('',(#436),#138,.F.);
#2863=ADVANCED_FACE('',(#437),#2713,.T.);
#2864=ADVANCED_FACE('',(#438),#2714,.F.);
#2865=ADVANCED_FACE('',(#439),#139,.F.);
#2866=ADVANCED_FACE('',(#440),#2715,.T.);
#2867=ADVANCED_FACE('',(#441),#140,.F.);
#2868=ADVANCED_FACE('',(#442),#2716,.T.);
#2869=ADVANCED_FACE('',(#443,#291),#2717,.F.);
#2870=ADVANCED_FACE('',(#444,#292),#2718,.F.);
#2871=ADVANCED_FACE('',(#445,#293),#2719,.F.);
#2872=ADVANCED_FACE('',(#446,#294),#2720,.F.);
#2873=CLOSED_SHELL('',(#2721,#2722,#2723,#2724,#2725,#2726,#2727,#2728,
#2729,#2730,#2731,#2732,#2733,#2734,#2735,#2736,#2737,#2738,#2739,#2740,
#2741,#2742,#2743,#2744,#2745,#2746,#2747,#2748));
#2874=CLOSED_SHELL('',(#2749,#2750,#2751,#2752,#2753,#2754,#2755,#2756,
#2757,#2758,#2759,#2760));
#2875=CLOSED_SHELL('',(#2761,#2762,#2763,#2764,#2765,#2766,#2767,#2768,
#2769,#2770,#2771,#2772));
#2876=CLOSED_SHELL('',(#2773,#2774,#2775,#2776,#2777,#2778,#2779,#2780,
#2781,#2782,#2783,#2784));
#2877=CLOSED_SHELL('',(#2785,#2786,#2787,#2788,#2789,#2790,#2791,#2792,
#2793,#2794,#2795,#2796));
#2878=CLOSED_SHELL('',(#2797,#2798,#2799,#2800,#2801,#2802,#2803,#2804,
#2805,#2806,#2807,#2808));
#2879=CLOSED_SHELL('',(#2809,#2810,#2811,#2812,#2813,#2814,#2815,#2816,
#2817,#2818,#2819,#2820));
#2880=CLOSED_SHELL('',(#2821,#2822,#2823,#2824,#2825,#2826,#2827,#2828,
#2829,#2830,#2831,#2832));
#2881=CLOSED_SHELL('',(#2833,#2834,#2835,#2836,#2837,#2838,#2839,#2840,
#2841,#2842,#2843,#2844));
#2882=CLOSED_SHELL('',(#2845,#2846,#2847,#2848,#2849,#2850,#2851,#2852,
#2853,#2854,#2855,#2856,#2857,#2858,#2859,#2860,#2861,#2862,#2863,#2864,
#2865,#2866,#2867,#2868,#2869,#2870,#2871,#2872));
#2883=DERIVED_UNIT_ELEMENT(#2885,1.);
#2884=DERIVED_UNIT_ELEMENT(#5020,3.);
#2885=(
MASS_UNIT()
NAMED_UNIT(*)
SI_UNIT($,.GRAM.)
);
#2886=DERIVED_UNIT((#2883,#2884));
#2887=MEASURE_REPRESENTATION_ITEM('density measure',
POSITIVE_RATIO_MEASURE(1.),#2886);
#2888=PROPERTY_DEFINITION_REPRESENTATION(#2893,#2890);
#2889=PROPERTY_DEFINITION_REPRESENTATION(#2894,#2891);
#2890=REPRESENTATION('material name',(#2892),#5017);
#2891=REPRESENTATION('density',(#2887),#5017);
#2892=DESCRIPTIVE_REPRESENTATION_ITEM('Generic','Generic');
#2893=PROPERTY_DEFINITION('material property','material name',#5027);
#2894=PROPERTY_DEFINITION('material property','density of part',#5027);
#2895=DATE_TIME_ROLE('creation_date');
#2896=APPLIED_DATE_AND_TIME_ASSIGNMENT(#2897,#2895,(#5027));
#2897=DATE_AND_TIME(#2898,#2899);
#2898=CALENDAR_DATE(2019,27,3);
#2899=LOCAL_TIME(0,0,0.,#2900);
#2900=COORDINATED_UNIVERSAL_TIME_OFFSET(0,0,.BEHIND.);
#2901=AXIS2_PLACEMENT_3D('placement',#4041,#3209,#3210);
#2902=AXIS2_PLACEMENT_3D('',#4042,#3211,#3212);
#2903=AXIS2_PLACEMENT_3D('',#4060,#3221,#3222);
#2904=AXIS2_PLACEMENT_3D('',#4062,#3223,#3224);
#2905=AXIS2_PLACEMENT_3D('',#4063,#3225,#3226);
#2906=AXIS2_PLACEMENT_3D('',#4072,#3230,#3231);
#2907=AXIS2_PLACEMENT_3D('',#4083,#3237,#3238);
#2908=AXIS2_PLACEMENT_3D('',#4084,#3239,#3240);
#2909=AXIS2_PLACEMENT_3D('',#4099,#3247,#3248);
#2910=AXIS2_PLACEMENT_3D('',#4104,#3251,#3252);
#2911=AXIS2_PLACEMENT_3D('',#4105,#3253,#3254);
#2912=AXIS2_PLACEMENT_3D('',#4110,#3256,#3257);
#2913=AXIS2_PLACEMENT_3D('',#4125,#3265,#3266);
#2914=AXIS2_PLACEMENT_3D('',#4126,#3267,#3268);
#2915=AXIS2_PLACEMENT_3D('',#4127,#3269,#3270);
#2916=AXIS2_PLACEMENT_3D('',#4128,#3271,#3272);
#2917=AXIS2_PLACEMENT_3D('',#4129,#3273,#3274);
#2918=AXIS2_PLACEMENT_3D('',#4130,#3275,#3276);
#2919=AXIS2_PLACEMENT_3D('',#4131,#3277,#3278);
#2920=AXIS2_PLACEMENT_3D('',#4132,#3279,#3280);
#2921=AXIS2_PLACEMENT_3D('',#4133,#3281,#3282);
#2922=AXIS2_PLACEMENT_3D('',#4139,#3286,#3287);
#2923=AXIS2_PLACEMENT_3D('',#4140,#3288,#3289);
#2924=AXIS2_PLACEMENT_3D('',#4142,#3290,#3291);
#2925=AXIS2_PLACEMENT_3D('',#4145,#3293,#3294);
#2926=AXIS2_PLACEMENT_3D('',#4146,#3295,#3296);
#2927=AXIS2_PLACEMENT_3D('',#4147,#3297,#3298);
#2928=AXIS2_PLACEMENT_3D('',#4148,#3299,#3300);
#2929=AXIS2_PLACEMENT_3D('',#4149,#3301,#3302);
#2930=AXIS2_PLACEMENT_3D('',#4150,#3303,#3304);
#2931=AXIS2_PLACEMENT_3D('',#4151,#3305,#3306);
#2932=AXIS2_PLACEMENT_3D('',#4152,#3307,#3308);
#2933=AXIS2_PLACEMENT_3D('',#4153,#3309,#3310);
#2934=AXIS2_PLACEMENT_3D('',#4154,#3311,#3312);
#2935=AXIS2_PLACEMENT_3D('',#4155,#3313,#3314);
#2936=AXIS2_PLACEMENT_3D('',#4156,#3315,#3316);
#2937=AXIS2_PLACEMENT_3D('',#4157,#3317,#3318);
#2938=AXIS2_PLACEMENT_3D('',#4158,#3319,#3320);
#2939=AXIS2_PLACEMENT_3D('',#4159,#3321,#3322);
#2940=AXIS2_PLACEMENT_3D('',#4160,#3323,#3324);
#2941=AXIS2_PLACEMENT_3D('',#4161,#3325,#3326);
#2942=AXIS2_PLACEMENT_3D('',#4162,#3327,#3328);
#2943=AXIS2_PLACEMENT_3D('',#4163,#3329,#3330);
#2944=AXIS2_PLACEMENT_3D('',#4167,#3333,#3334);
#2945=AXIS2_PLACEMENT_3D('',#4168,#3335,#3336);
#2946=AXIS2_PLACEMENT_3D('',#4170,#3337,#3338);
#2947=AXIS2_PLACEMENT_3D('',#4173,#3340,#3341);
#2948=AXIS2_PLACEMENT_3D('',#4174,#3342,#3343);
#2949=AXIS2_PLACEMENT_3D('',#4175,#3344,#3345);
#2950=AXIS2_PLACEMENT_3D('',#4178,#3347,#3348);
#2951=AXIS2_PLACEMENT_3D('',#4179,#3349,#3350);
#2952=AXIS2_PLACEMENT_3D('',#4182,#3352,#3353);
#2953=AXIS2_PLACEMENT_3D('',#4183,#3354,#3355);
#2954=AXIS2_PLACEMENT_3D('',#4186,#3357,#3358);
#2955=AXIS2_PLACEMENT_3D('',#4187,#3359,#3360);
#2956=AXIS2_PLACEMENT_3D('',#4190,#3362,#3363);
#2957=AXIS2_PLACEMENT_3D('',#4191,#3364,#3365);
#2958=AXIS2_PLACEMENT_3D('',#4192,#3366,#3367);
#2959=AXIS2_PLACEMENT_3D('',#4193,#3368,#3369);
#2960=AXIS2_PLACEMENT_3D('',#4197,#3372,#3373);
#2961=AXIS2_PLACEMENT_3D('',#4199,#3375,#3376);
#2962=AXIS2_PLACEMENT_3D('',#4200,#3377,#3378);
#2963=AXIS2_PLACEMENT_3D('',#4209,#3382,#3383);
#2964=AXIS2_PLACEMENT_3D('',#4220,#3389,#3390);
#2965=AXIS2_PLACEMENT_3D('',#4221,#3391,#3392);
#2966=AXIS2_PLACEMENT_3D('',#4223,#3393,#3394);
#2967=AXIS2_PLACEMENT_3D('',#4226,#3396,#3397);
#2968=AXIS2_PLACEMENT_3D('',#4227,#3398,#3399);
#2969=AXIS2_PLACEMENT_3D('',#4230,#3401,#3402);
#2970=AXIS2_PLACEMENT_3D('',#4231,#3403,#3404);
#2971=AXIS2_PLACEMENT_3D('',#4235,#3407,#3408);
#2972=AXIS2_PLACEMENT_3D('',#4239,#3410,#3411);
#2973=AXIS2_PLACEMENT_3D('',#4240,#3412,#3413);
#2974=AXIS2_PLACEMENT_3D('',#4241,#3414,#3415);
#2975=AXIS2_PLACEMENT_3D('',#4243,#3416,#3417);
#2976=AXIS2_PLACEMENT_3D('',#4245,#3419,#3420);
#2977=AXIS2_PLACEMENT_3D('',#4247,#3421,#3422);
#2978=AXIS2_PLACEMENT_3D('',#4249,#3424,#3425);
#2979=AXIS2_PLACEMENT_3D('',#4251,#3426,#3427);
#2980=AXIS2_PLACEMENT_3D('',#4253,#3429,#3430);
#2981=AXIS2_PLACEMENT_3D('',#4254,#3431,#3432);
#2982=AXIS2_PLACEMENT_3D('',#4256,#3434,#3435);
#2983=AXIS2_PLACEMENT_3D('',#4257,#3436,#3437);
#2984=AXIS2_PLACEMENT_3D('',#4259,#3438,#3439);
#2985=AXIS2_PLACEMENT_3D('',#4261,#3441,#3442);
#2986=AXIS2_PLACEMENT_3D('',#4262,#3443,#3444);
#2987=AXIS2_PLACEMENT_3D('',#4280,#3453,#3454);
#2988=AXIS2_PLACEMENT_3D('',#4281,#3455,#3456);
#2989=AXIS2_PLACEMENT_3D('',#4284,#3458,#3459);
#2990=AXIS2_PLACEMENT_3D('',#4285,#3460,#3461);
#2991=AXIS2_PLACEMENT_3D('',#4288,#3462,#3463);
#2992=AXIS2_PLACEMENT_3D('',#4290,#3464,#3465);
#2993=AXIS2_PLACEMENT_3D('',#4291,#3466,#3467);
#2994=AXIS2_PLACEMENT_3D('',#4292,#3468,#3469);
#2995=AXIS2_PLACEMENT_3D('',#4295,#3471,#3472);
#2996=AXIS2_PLACEMENT_3D('',#4296,#3473,#3474);
#2997=AXIS2_PLACEMENT_3D('',#4297,#3475,#3476);
#2998=AXIS2_PLACEMENT_3D('',#4300,#3478,#3479);
#2999=AXIS2_PLACEMENT_3D('',#4301,#3480,#3481);
#3000=AXIS2_PLACEMENT_3D('',#4304,#3483,#3484);
#3001=AXIS2_PLACEMENT_3D('',#4305,#3485,#3486);
#3002=AXIS2_PLACEMENT_3D('',#4309,#3489,#3490);
#3003=AXIS2_PLACEMENT_3D('',#4312,#3492,#3493);
#3004=AXIS2_PLACEMENT_3D('',#4313,#3494,#3495);
#3005=AXIS2_PLACEMENT_3D('',#4316,#3497,#3498);
#3006=AXIS2_PLACEMENT_3D('',#4317,#3499,#3500);
#3007=AXIS2_PLACEMENT_3D('',#4320,#3502,#3503);
#3008=AXIS2_PLACEMENT_3D('',#4321,#3504,#3505);
#3009=AXIS2_PLACEMENT_3D('',#4323,#3507,#3508);
#3010=AXIS2_PLACEMENT_3D('',#4324,#3509,#3510);
#3011=AXIS2_PLACEMENT_3D('',#4329,#3512,#3513);
#3012=AXIS2_PLACEMENT_3D('',#4344,#3521,#3522);
#3013=AXIS2_PLACEMENT_3D('',#4345,#3523,#3524);
#3014=AXIS2_PLACEMENT_3D('',#4347,#3525,#3526);
#3015=AXIS2_PLACEMENT_3D('',#4351,#3529,#3530);
#3016=AXIS2_PLACEMENT_3D('',#4353,#3531,#3532);
#3017=AXIS2_PLACEMENT_3D('',#4355,#3534,#3535);
#3018=AXIS2_PLACEMENT_3D('',#4358,#3537,#3538);
#3019=AXIS2_PLACEMENT_3D('',#4359,#3539,#3540);
#3020=AXIS2_PLACEMENT_3D('',#4361,#3541,#3542);
#3021=AXIS2_PLACEMENT_3D('',#4363,#3544,#3545);
#3022=AXIS2_PLACEMENT_3D('',#4366,#3547,#3548);
#3023=AXIS2_PLACEMENT_3D('',#4367,#3549,#3550);
#3024=AXIS2_PLACEMENT_3D('',#4369,#3551,#3552);
#3025=AXIS2_PLACEMENT_3D('',#4371,#3553,#3554);
#3026=AXIS2_PLACEMENT_3D('',#4373,#3556,#3557);
#3027=AXIS2_PLACEMENT_3D('',#4376,#3559,#3560);
#3028=AXIS2_PLACEMENT_3D('',#4377,#3561,#3562);
#3029=AXIS2_PLACEMENT_3D('',#4378,#3563,#3564);
#3030=AXIS2_PLACEMENT_3D('',#4379,#3565,#3566);
#3031=AXIS2_PLACEMENT_3D('',#4381,#3568,#3569);
#3032=AXIS2_PLACEMENT_3D('',#4383,#3570,#3571);
#3033=AXIS2_PLACEMENT_3D('',#4385,#3573,#3574);
#3034=AXIS2_PLACEMENT_3D('',#4386,#3575,#3576);
#3035=AXIS2_PLACEMENT_3D('',#4404,#3585,#3586);
#3036=AXIS2_PLACEMENT_3D('',#4405,#3587,#3588);
#3037=AXIS2_PLACEMENT_3D('',#4408,#3590,#3591);
#3038=AXIS2_PLACEMENT_3D('',#4409,#3592,#3593);
#3039=AXIS2_PLACEMENT_3D('',#4414,#3595,#3596);
#3040=AXIS2_PLACEMENT_3D('',#4415,#3597,#3598);
#3041=AXIS2_PLACEMENT_3D('',#4416,#3599,#3600);
#3042=AXIS2_PLACEMENT_3D('',#4417,#3601,#3602);
#3043=AXIS2_PLACEMENT_3D('',#4419,#3603,#3604);
#3044=AXIS2_PLACEMENT_3D('',#4420,#3605,#3606);
#3045=AXIS2_PLACEMENT_3D('',#4421,#3607,#3608);
#3046=AXIS2_PLACEMENT_3D('',#4424,#3610,#3611);
#3047=AXIS2_PLACEMENT_3D('',#4425,#3612,#3613);
#3048=AXIS2_PLACEMENT_3D('',#4428,#3615,#3616);
#3049=AXIS2_PLACEMENT_3D('',#4429,#3617,#3618);
#3050=AXIS2_PLACEMENT_3D('',#4433,#3621,#3622);
#3051=AXIS2_PLACEMENT_3D('',#4436,#3624,#3625);
#3052=AXIS2_PLACEMENT_3D('',#4437,#3626,#3627);
#3053=AXIS2_PLACEMENT_3D('',#4440,#3629,#3630);
#3054=AXIS2_PLACEMENT_3D('',#4441,#3631,#3632);
#3055=AXIS2_PLACEMENT_3D('',#4444,#3634,#3635);
#3056=AXIS2_PLACEMENT_3D('',#4445,#3636,#3637);
#3057=AXIS2_PLACEMENT_3D('',#4447,#3639,#3640);
#3058=AXIS2_PLACEMENT_3D('',#4448,#3641,#3642);
#3059=AXIS2_PLACEMENT_3D('',#4466,#3651,#3652);
#3060=AXIS2_PLACEMENT_3D('',#4467,#3653,#3654);
#3061=AXIS2_PLACEMENT_3D('',#4469,#3655,#3656);
#3062=AXIS2_PLACEMENT_3D('',#4479,#3657,#3658);
#3063=AXIS2_PLACEMENT_3D('',#4480,#3659,#3660);
#3064=AXIS2_PLACEMENT_3D('',#4483,#3662,#3663);
#3065=AXIS2_PLACEMENT_3D('',#4484,#3664,#3665);
#3066=AXIS2_PLACEMENT_3D('',#4494,#3667,#3668);
#3067=AXIS2_PLACEMENT_3D('',#4495,#3669,#3670);
#3068=AXIS2_PLACEMENT_3D('',#4499,#3673,#3674);
#3069=AXIS2_PLACEMENT_3D('',#4501,#3675,#3676);
#3070=AXIS2_PLACEMENT_3D('',#4504,#3678,#3679);
#3071=AXIS2_PLACEMENT_3D('',#4505,#3680,#3681);
#3072=AXIS2_PLACEMENT_3D('',#4507,#3682,#3683);
#3073=AXIS2_PLACEMENT_3D('',#4516,#3685,#3686);
#3074=AXIS2_PLACEMENT_3D('',#4525,#3687,#3688);
#3075=AXIS2_PLACEMENT_3D('',#4527,#3690,#3691);
#3076=AXIS2_PLACEMENT_3D('',#4529,#3692,#3693);
#3077=AXIS2_PLACEMENT_3D('',#4531,#3695,#3696);
#3078=AXIS2_PLACEMENT_3D('',#4532,#3697,#3698);
#3079=AXIS2_PLACEMENT_3D('',#4533,#3699,#3700);
#3080=AXIS2_PLACEMENT_3D('',#4534,#3701,#3702);
#3081=AXIS2_PLACEMENT_3D('',#4537,#3703,#3704);
#3082=AXIS2_PLACEMENT_3D('',#4573,#3707,#3708);
#3083=AXIS2_PLACEMENT_3D('',#4582,#3713,#3714);
#3084=AXIS2_PLACEMENT_3D('',#4583,#3715,#3716);
#3085=AXIS2_PLACEMENT_3D('',#4586,#3718,#3719);
#3086=AXIS2_PLACEMENT_3D('',#4587,#3720,#3721);
#3087=AXIS2_PLACEMENT_3D('',#4591,#3723,#3724);
#3088=AXIS2_PLACEMENT_3D('',#4592,#3725,#3726);
#3089=AXIS2_PLACEMENT_3D('',#4593,#3727,#3728);
#3090=AXIS2_PLACEMENT_3D('',#4596,#3730,#3731);
#3091=AXIS2_PLACEMENT_3D('',#4597,#3732,#3733);
#3092=AXIS2_PLACEMENT_3D('',#4601,#3736,#3737);
#3093=AXIS2_PLACEMENT_3D('',#4604,#3739,#3740);
#3094=AXIS2_PLACEMENT_3D('',#4605,#3741,#3742);
#3095=AXIS2_PLACEMENT_3D('',#4608,#3744,#3745);
#3096=AXIS2_PLACEMENT_3D('',#4609,#3746,#3747);
#3097=AXIS2_PLACEMENT_3D('',#4612,#3749,#3750);
#3098=AXIS2_PLACEMENT_3D('',#4613,#3751,#3752);
#3099=AXIS2_PLACEMENT_3D('',#4616,#3754,#3755);
#3100=AXIS2_PLACEMENT_3D('',#4617,#3756,#3757);
#3101=AXIS2_PLACEMENT_3D('',#4619,#3759,#3760);
#3102=AXIS2_PLACEMENT_3D('',#4620,#3761,#3762);
#3103=AXIS2_PLACEMENT_3D('',#4638,#3771,#3772);
#3104=AXIS2_PLACEMENT_3D('',#4639,#3773,#3774);
#3105=AXIS2_PLACEMENT_3D('',#4641,#3775,#3776);
#3106=AXIS2_PLACEMENT_3D('',#4644,#3778,#3779);
#3107=AXIS2_PLACEMENT_3D('',#4645,#3780,#3781);
#3108=AXIS2_PLACEMENT_3D('',#4655,#3783,#3784);
#3109=AXIS2_PLACEMENT_3D('',#4656,#3785,#3786);
#3110=AXIS2_PLACEMENT_3D('',#4658,#3787,#3788);
#3111=AXIS2_PLACEMENT_3D('',#4667,#3789,#3790);
#3112=AXIS2_PLACEMENT_3D('',#4671,#3793,#3794);
#3113=AXIS2_PLACEMENT_3D('',#4673,#3795,#3796);
#3114=AXIS2_PLACEMENT_3D('',#4682,#3797,#3798);
#3115=AXIS2_PLACEMENT_3D('',#4685,#3800,#3801);
#3116=AXIS2_PLACEMENT_3D('',#4686,#3802,#3803);
#3117=AXIS2_PLACEMENT_3D('',#4688,#3804,#3805);
#3118=AXIS2_PLACEMENT_3D('',#4690,#3807,#3808);
#3119=AXIS2_PLACEMENT_3D('',#4699,#3810,#3811);
#3120=AXIS2_PLACEMENT_3D('',#4701,#3812,#3813);
#3121=AXIS2_PLACEMENT_3D('',#4703,#3815,#3816);
#3122=AXIS2_PLACEMENT_3D('',#4704,#3817,#3818);
#3123=AXIS2_PLACEMENT_3D('',#4705,#3819,#3820);
#3124=AXIS2_PLACEMENT_3D('',#4706,#3821,#3822);
#3125=AXIS2_PLACEMENT_3D('',#4709,#3823,#3824);
#3126=AXIS2_PLACEMENT_3D('',#4745,#3827,#3828);
#3127=AXIS2_PLACEMENT_3D('',#4754,#3833,#3834);
#3128=AXIS2_PLACEMENT_3D('',#4755,#3835,#3836);
#3129=AXIS2_PLACEMENT_3D('',#4758,#3838,#3839);
#3130=AXIS2_PLACEMENT_3D('',#4759,#3840,#3841);
#3131=AXIS2_PLACEMENT_3D('',#4763,#3843,#3844);
#3132=AXIS2_PLACEMENT_3D('',#4765,#3846,#3847);
#3133=AXIS2_PLACEMENT_3D('',#4768,#3849,#3850);
#3134=AXIS2_PLACEMENT_3D('',#4769,#3851,#3852);
#3135=AXIS2_PLACEMENT_3D('',#4772,#3854,#3855);
#3136=AXIS2_PLACEMENT_3D('',#4773,#3856,#3857);
#3137=AXIS2_PLACEMENT_3D('',#4776,#3859,#3860);
#3138=AXIS2_PLACEMENT_3D('',#4777,#3861,#3862);
#3139=AXIS2_PLACEMENT_3D('',#4780,#3864,#3865);
#3140=AXIS2_PLACEMENT_3D('',#4781,#3866,#3867);
#3141=AXIS2_PLACEMENT_3D('',#4784,#3869,#3870);
#3142=AXIS2_PLACEMENT_3D('',#4785,#3871,#3872);
#3143=AXIS2_PLACEMENT_3D('',#4788,#3874,#3875);
#3144=AXIS2_PLACEMENT_3D('',#4789,#3876,#3877);
#3145=AXIS2_PLACEMENT_3D('',#4791,#3879,#3880);
#3146=AXIS2_PLACEMENT_3D('',#4792,#3881,#3882);
#3147=AXIS2_PLACEMENT_3D('',#4803,#3887,#3888);
#3148=AXIS2_PLACEMENT_3D('',#4804,#3889,#3890);
#3149=AXIS2_PLACEMENT_3D('',#4807,#3891,#3892);
#3150=AXIS2_PLACEMENT_3D('',#4808,#3893,#3894);
#3151=AXIS2_PLACEMENT_3D('',#4811,#3895,#3896);
#3152=AXIS2_PLACEMENT_3D('',#4812,#3897,#3898);
#3153=AXIS2_PLACEMENT_3D('',#4815,#3899,#3900);
#3154=AXIS2_PLACEMENT_3D('',#4816,#3901,#3902);
#3155=AXIS2_PLACEMENT_3D('',#4818,#3903,#3904);
#3156=AXIS2_PLACEMENT_3D('',#4819,#3905,#3906);
#3157=AXIS2_PLACEMENT_3D('',#4821,#3907,#3908);
#3158=AXIS2_PLACEMENT_3D('',#4823,#3909,#3910);
#3159=AXIS2_PLACEMENT_3D('',#4824,#3911,#3912);
#3160=AXIS2_PLACEMENT_3D('',#4826,#3914,#3915);
#3161=AXIS2_PLACEMENT_3D('',#4830,#3917,#3918);
#3162=AXIS2_PLACEMENT_3D('',#4831,#3919,#3920);
#3163=AXIS2_PLACEMENT_3D('',#4832,#3921,#3922);
#3164=AXIS2_PLACEMENT_3D('',#4834,#3923,#3924);
#3165=AXIS2_PLACEMENT_3D('',#4835,#3925,#3926);
#3166=AXIS2_PLACEMENT_3D('',#4839,#3928,#3929);
#3167=AXIS2_PLACEMENT_3D('',#4840,#3930,#3931);
#3168=AXIS2_PLACEMENT_3D('',#4841,#3932,#3933);
#3169=AXIS2_PLACEMENT_3D('',#4843,#3934,#3935);
#3170=AXIS2_PLACEMENT_3D('',#4844,#3936,#3937);
#3171=AXIS2_PLACEMENT_3D('',#4848,#3939,#3940);
#3172=AXIS2_PLACEMENT_3D('',#4849,#3941,#3942);
#3173=AXIS2_PLACEMENT_3D('',#4850,#3943,#3944);
#3174=AXIS2_PLACEMENT_3D('',#4852,#3945,#3946);
#3175=AXIS2_PLACEMENT_3D('',#4853,#3947,#3948);
#3176=AXIS2_PLACEMENT_3D('',#4857,#3950,#3951);
#3177=AXIS2_PLACEMENT_3D('',#4858,#3952,#3953);
#3178=AXIS2_PLACEMENT_3D('',#4859,#3954,#3955);
#3179=AXIS2_PLACEMENT_3D('',#4861,#3956,#3957);
#3180=AXIS2_PLACEMENT_3D('',#4862,#3958,#3959);
#3181=AXIS2_PLACEMENT_3D('',#4865,#3961,#3962);
#3182=AXIS2_PLACEMENT_3D('',#4866,#3963,#3964);
#3183=AXIS2_PLACEMENT_3D('',#4869,#3966,#3967);
#3184=AXIS2_PLACEMENT_3D('',#4870,#3968,#3969);
#3185=AXIS2_PLACEMENT_3D('',#4873,#3971,#3972);
#3186=AXIS2_PLACEMENT_3D('',#4874,#3973,#3974);
#3187=AXIS2_PLACEMENT_3D('',#4877,#3976,#3977);
#3188=AXIS2_PLACEMENT_3D('',#4878,#3978,#3979);
#3189=AXIS2_PLACEMENT_3D('',#4893,#3981,#3982);
#3190=AXIS2_PLACEMENT_3D('',#4914,#3983,#3984);
#3191=AXIS2_PLACEMENT_3D('',#4935,#3985,#3986);
#3192=AXIS2_PLACEMENT_3D('',#4956,#3987,#3988);
#3193=AXIS2_PLACEMENT_3D('',#4967,#3989,#3990);
#3194=AXIS2_PLACEMENT_3D('',#4971,#3992,#3993);
#3195=AXIS2_PLACEMENT_3D('',#4973,#3995,#3996);
#3196=AXIS2_PLACEMENT_3D('',#4978,#3999,#4000);
#3197=AXIS2_PLACEMENT_3D('',#4979,#4001,#4002);
#3198=AXIS2_PLACEMENT_3D('',#4986,#4007,#4008);
#3199=AXIS2_PLACEMENT_3D('',#4991,#4012,#4013);
#3200=AXIS2_PLACEMENT_3D('',#4995,#4015,#4016);
#3201=AXIS2_PLACEMENT_3D('',#4997,#4018,#4019);
#3202=AXIS2_PLACEMENT_3D('',#5002,#4023,#4024);
#3203=AXIS2_PLACEMENT_3D('',#5006,#4026,#4027);
#3204=AXIS2_PLACEMENT_3D('',#5008,#4029,#4030);
#3205=AXIS2_PLACEMENT_3D('',#5011,#4033,#4034);
#3206=AXIS2_PLACEMENT_3D('',#5012,#4035,#4036);
#3207=AXIS2_PLACEMENT_3D('',#5013,#4037,#4038);
#3208=AXIS2_PLACEMENT_3D('',#5014,#4039,#4040);
#3209=DIRECTION('axis',(0.,0.,1.));
#3210=DIRECTION('refdir',(1.,0.,0.));
#3211=DIRECTION('center_axis',(0.,-1.,2.27738056333365E-16));
#3212=DIRECTION('ref_axis',(0.,-2.27738056333365E-16,-1.));
#3213=DIRECTION('',(-1.,0.,0.));
#3214=DIRECTION('',(0.,2.27738056333365E-16,1.));
#3215=DIRECTION('',(-1.,0.,0.));
#3216=DIRECTION('',(0.,2.27738056333365E-16,1.));
#3217=DIRECTION('',(1.,0.,0.));
#3218=DIRECTION('',(0.,0.,-1.));
#3219=DIRECTION('',(1.,0.,0.));
#3220=DIRECTION('',(0.,0.,-1.));
#3221=DIRECTION('center_axis',(0.,1.,-2.27738056333365E-16));
#3222=DIRECTION('ref_axis',(-1.,0.,0.));
#3223=DIRECTION('center_axis',(0.,1.,-2.27738056333365E-16));
#3224=DIRECTION('ref_axis',(1.,0.,0.));
#3225=DIRECTION('center_axis',(0.,-1.,2.27738056333365E-16));
#3226=DIRECTION('ref_axis',(0.,-2.27738056333365E-16,-1.));
#3227=DIRECTION('',(-1.,0.,0.));
#3228=DIRECTION('',(0.,-2.27738056333365E-16,-1.));
#3229=DIRECTION('',(-1.,0.,0.));
#3230=DIRECTION('center_axis',(0.,1.,-2.27738056333365E-16));
#3231=DIRECTION('ref_axis',(-1.,0.,0.));
#3232=DIRECTION('',(0.,0.,1.));
#3233=DIRECTION('',(1.,0.,0.));
#3234=DIRECTION('',(0.,0.,1.));
#3235=DIRECTION('',(1.,0.,0.));
#3236=DIRECTION('',(0.,-2.27738056333365E-16,-1.));
#3237=DIRECTION('center_axis',(0.,1.,-2.27738056333365E-16));
#3238=DIRECTION('ref_axis',(1.,0.,0.));
#3239=DIRECTION('center_axis',(0.,-1.,2.27738056333365E-16));
#3240=DIRECTION('ref_axis',(0.,-2.27738056333365E-16,-1.));
#3241=DIRECTION('',(1.,0.,0.));
#3242=DIRECTION('',(0.,-2.27738056333365E-16,-1.));
#3243=DIRECTION('',(-1.,0.,0.));
#3244=DIRECTION('',(0.,0.,1.));
#3245=DIRECTION('',(-1.,0.,0.));
#3246=DIRECTION('',(0.,0.,1.));
#3247=DIRECTION('center_axis',(0.,1.,-2.27738056333365E-16));
#3248=DIRECTION('ref_axis',(-1.,0.,0.));
#3249=DIRECTION('',(1.,0.,0.));
#3250=DIRECTION('',(0.,-2.27738056333365E-16,-1.));
#3251=DIRECTION('center_axis',(0.,1.,-2.27738056333365E-16));
#3252=DIRECTION('ref_axis',(1.,0.,0.));
#3253=DIRECTION('center_axis',(0.,-1.,2.27738056333365E-16));
#3254=DIRECTION('ref_axis',(0.,-2.27738056333365E-16,-1.));
#3255=DIRECTION('',(1.,0.,0.));
#3256=DIRECTION('center_axis',(0.,1.,-2.27738056333365E-16));
#3257=DIRECTION('ref_axis',(-1.,0.,0.));
#3258=DIRECTION('',(0.,0.,-1.));
#3259=DIRECTION('',(-1.,0.,0.));
#3260=DIRECTION('',(0.,0.,-1.));
#3261=DIRECTION('',(-1.,0.,0.));
#3262=DIRECTION('',(0.,2.27738056333365E-16,1.));
#3263=DIRECTION('',(1.,0.,0.));
#3264=DIRECTION('',(0.,2.27738056333365E-16,1.));
#3265=DIRECTION('center_axis',(0.,1.,-2.27738056333365E-16));
#3266=DIRECTION('ref_axis',(1.,0.,0.));
#3267=DIRECTION('center_axis',(0.,0.,-1.));
#3268=DIRECTION('ref_axis',(-1.,0.,0.));
#3269=DIRECTION('center_axis',(0.,0.,-1.));
#3270=DIRECTION('ref_axis',(-1.,0.,0.));
#3271=DIRECTION('center_axis',(0.,0.,-1.));
#3272=DIRECTION('ref_axis',(-1.,0.,0.));
#3273=DIRECTION('center_axis',(0.,0.,1.));
#3274=DIRECTION('ref_axis',(1.,0.,0.));
#3275=DIRECTION('center_axis',(0.,0.,1.));
#3276=DIRECTION('ref_axis',(-1.,0.,0.));
#3277=DIRECTION('center_axis',(0.,0.,-1.));
#3278=DIRECTION('ref_axis',(-1.,0.,0.));
#3279=DIRECTION('center_axis',(0.,-0.707106781186548,-0.707106781186548));
#3280=DIRECTION('ref_axis',(0.,-0.707106781186547,0.707106781186548));
#3281=DIRECTION('center_axis',(0.,0.,1.));
#3282=DIRECTION('ref_axis',(1.,0.,0.));
#3283=DIRECTION('',(0.,1.,0.));
#3284=DIRECTION('',(1.,0.,0.));
#3285=DIRECTION('',(0.,-1.,0.));
#3286=DIRECTION('center_axis',(0.,0.,1.));
#3287=DIRECTION('ref_axis',(1.,0.,0.));
#3288=DIRECTION('center_axis',(0.,1.,0.));
#3289=DIRECTION('ref_axis',(-1.,0.,0.));
#3290=DIRECTION('center_axis',(0.,1.,0.));
#3291=DIRECTION('ref_axis',(-1.,0.,0.));
#3292=DIRECTION('',(0.,1.,0.));
#3293=DIRECTION('center_axis',(-0.707106781186547,-0.707106781186548,0.));
#3294=DIRECTION('ref_axis',(-0.707106781186548,0.707106781186547,0.));
#3295=DIRECTION('center_axis',(0.,-0.707106781186548,0.707106781186548));
#3296=DIRECTION('ref_axis',(0.,0.707106781186547,0.707106781186548));
#3297=DIRECTION('center_axis',(0.707106781186547,-0.707106781186548,0.));
#3298=DIRECTION('ref_axis',(-0.707106781186548,-0.707106781186547,0.));
#3299=DIRECTION('center_axis',(-0.707106781186547,-0.707106781186548,0.));
#3300=DIRECTION('ref_axis',(-0.707106781186548,0.707106781186547,0.));
#3301=DIRECTION('center_axis',(-1.,0.,0.));
#3302=DIRECTION('ref_axis',(0.,0.,1.));
#3303=DIRECTION('center_axis',(-1.,0.,0.));
#3304=DIRECTION('ref_axis',(0.,0.,1.));
#3305=DIRECTION('center_axis',(1.,0.,0.));
#3306=DIRECTION('ref_axis',(0.,0.,-1.));
#3307=DIRECTION('center_axis',(1.,0.,0.));
#3308=DIRECTION('ref_axis',(0.,0.,-1.));
#3309=DIRECTION('center_axis',(1.,0.,0.));
#3310=DIRECTION('ref_axis',(0.,0.,-1.));
#3311=DIRECTION('center_axis',(1.,0.,0.));
#3312=DIRECTION('ref_axis',(0.,0.,-1.));
#3313=DIRECTION('center_axis',(0.,0.,1.));
#3314=DIRECTION('ref_axis',(1.,0.,0.));
#3315=DIRECTION('center_axis',(0.,0.,1.));
#3316=DIRECTION('ref_axis',(1.,0.,0.));
#3317=DIRECTION('center_axis',(0.,0.,-1.));
#3318=DIRECTION('ref_axis',(-1.,0.,0.));
#3319=DIRECTION('center_axis',(0.,0.,1.));
#3320=DIRECTION('ref_axis',(1.,0.,0.));
#3321=DIRECTION('center_axis',(-1.,0.,0.));
#3322=DIRECTION('ref_axis',(0.,0.,1.));
#3323=DIRECTION('center_axis',(1.,0.,0.));
#3324=DIRECTION('ref_axis',(0.,0.,1.));
#3325=DIRECTION('center_axis',(1.,0.,0.));
#3326=DIRECTION('ref_axis',(0.,0.,-1.));
#3327=DIRECTION('center_axis',(-1.,0.,0.));
#3328=DIRECTION('ref_axis',(0.,0.,1.));
#3329=DIRECTION('center_axis',(-1.,0.,0.));
#3330=DIRECTION('ref_axis',(0.,-1.,0.));
#3331=DIRECTION('',(0.,0.,1.));
#3332=DIRECTION('',(0.,-1.,0.));
#3333=DIRECTION('center_axis',(0.,0.,-1.));
#3334=DIRECTION('ref_axis',(-1.,0.,0.));
#3335=DIRECTION('center_axis',(0.,1.,0.));
#3336=DIRECTION('ref_axis',(-1.,0.,0.));
#3337=DIRECTION('center_axis',(0.,1.,0.));
#3338=DIRECTION('ref_axis',(-1.,0.,0.));
#3339=DIRECTION('',(0.,1.,0.));
#3340=DIRECTION('center_axis',(0.,1.,0.));
#3341=DIRECTION('ref_axis',(-1.,0.,0.));
#3342=DIRECTION('center_axis',(0.,1.,0.));
#3343=DIRECTION('ref_axis',(0.,0.,1.));
#3344=DIRECTION('center_axis',(0.,1.,0.));
#3345=DIRECTION('ref_axis',(1.,0.,0.));
#3346=DIRECTION('',(0.,-1.,0.));
#3347=DIRECTION('center_axis',(0.,1.,0.));
#3348=DIRECTION('ref_axis',(1.,0.,0.));
#3349=DIRECTION('center_axis',(0.,1.,0.));
#3350=DIRECTION('ref_axis',(1.,0.,0.));
#3351=DIRECTION('',(0.,-1.,0.));
#3352=DIRECTION('center_axis',(0.,1.,0.));
#3353=DIRECTION('ref_axis',(1.,0.,0.));
#3354=DIRECTION('center_axis',(0.,1.,0.));
#3355=DIRECTION('ref_axis',(1.,0.,0.));
#3356=DIRECTION('',(0.,-1.,0.));
#3357=DIRECTION('center_axis',(0.,1.,0.));
#3358=DIRECTION('ref_axis',(1.,0.,0.));
#3359=DIRECTION('center_axis',(0.,1.,0.));
#3360=DIRECTION('ref_axis',(1.,0.,0.));
#3361=DIRECTION('',(0.,-1.,0.));
#3362=DIRECTION('center_axis',(0.,1.,0.));
#3363=DIRECTION('ref_axis',(1.,0.,0.));
#3364=DIRECTION('center_axis',(-1.,0.,0.));
#3365=DIRECTION('ref_axis',(0.,0.,1.));
#3366=DIRECTION('center_axis',(-1.,0.,0.));
#3367=DIRECTION('ref_axis',(0.,0.,1.));
#3368=DIRECTION('center_axis',(1.,0.,0.));
#3369=DIRECTION('ref_axis',(0.,1.,0.));
#3370=DIRECTION('',(0.,1.,0.));
#3371=DIRECTION('',(0.,0.,1.));
#3372=DIRECTION('center_axis',(0.,-1.,0.));
#3373=DIRECTION('ref_axis',(1.,0.,0.));
#3374=DIRECTION('',(1.,0.,0.));
#3375=DIRECTION('center_axis',(0.,0.,1.));
#3376=DIRECTION('ref_axis',(1.,0.,0.));
#3377=DIRECTION('center_axis',(0.,1.,-1.36642833800019E-16));
#3378=DIRECTION('ref_axis',(0.,1.36642833800019E-16,1.));
#3379=DIRECTION('',(-1.,0.,0.));
#3380=DIRECTION('',(0.,1.36642833800019E-16,1.));
#3381=DIRECTION('',(-1.,0.,0.));
#3382=DIRECTION('center_axis',(0.,-1.,1.36642833800019E-16));
#3383=DIRECTION('ref_axis',(-1.,0.,0.));
#3384=DIRECTION('',(0.,0.,-1.));
#3385=DIRECTION('',(1.,0.,0.));
#3386=DIRECTION('',(0.,0.,-1.));
#3387=DIRECTION('',(1.,0.,0.));
#3388=DIRECTION('',(0.,1.36642833800019E-16,1.));
#3389=DIRECTION('center_axis',(0.,-1.,1.36642833800019E-16));
#3390=DIRECTION('ref_axis',(1.,0.,0.));
#3391=DIRECTION('center_axis',(1.,0.,0.));
#3392=DIRECTION('ref_axis',(0.,0.,-1.));
#3393=DIRECTION('center_axis',(1.,0.,0.));
#3394=DIRECTION('ref_axis',(0.,0.,-1.));
#3395=DIRECTION('',(1.,0.,0.));
#3396=DIRECTION('center_axis',(1.,0.,0.));
#3397=DIRECTION('ref_axis',(0.,0.,-1.));
#3398=DIRECTION('center_axis',(1.,0.,0.));
#3399=DIRECTION('ref_axis',(0.,0.,-1.));
#3400=DIRECTION('',(0.,-2.40048221540574E-16,-1.));
#3401=DIRECTION('center_axis',(-1.,0.,0.));
#3402=DIRECTION('ref_axis',(0.,0.,1.));
#3403=DIRECTION('center_axis',(-1.,0.,0.));
#3404=DIRECTION('ref_axis',(0.,-1.,0.));
#3405=DIRECTION('',(0.,-1.,0.));
#3406=DIRECTION('',(0.,-2.40048221540574E-16,-1.));
#3407=DIRECTION('center_axis',(-1.,0.,0.));
#3408=DIRECTION('ref_axis',(0.,0.,1.));
#3409=DIRECTION('',(1.,0.,0.));
#3410=DIRECTION('center_axis',(-0.707106781186548,0.,-0.707106781186548));
#3411=DIRECTION('ref_axis',(-0.707106781186548,0.,0.707106781186548));
#3412=DIRECTION('center_axis',(0.707106781186547,-0.707106781186548,0.));
#3413=DIRECTION('ref_axis',(-0.707106781186548,-0.707106781186547,0.));
#3414=DIRECTION('center_axis',(0.,0.,1.));
#3415=DIRECTION('ref_axis',(1.,0.,0.));
#3416=DIRECTION('center_axis',(0.,0.,-1.));
#3417=DIRECTION('ref_axis',(-1.,0.,0.));
#3418=DIRECTION('',(-1.,0.,0.));
#3419=DIRECTION('center_axis',(0.,0.,-1.));
#3420=DIRECTION('ref_axis',(-1.,0.,0.));
#3421=DIRECTION('center_axis',(0.,0.,-1.));
#3422=DIRECTION('ref_axis',(-1.,0.,0.));
#3423=DIRECTION('',(0.,0.,1.));
#3424=DIRECTION('center_axis',(0.,0.,1.));
#3425=DIRECTION('ref_axis',(1.,0.,0.));
#3426=DIRECTION('center_axis',(0.,0.,1.));
#3427=DIRECTION('ref_axis',(-1.,0.,0.));
#3428=DIRECTION('',(-1.,0.,0.));
#3429=DIRECTION('center_axis',(0.,0.,-1.));
#3430=DIRECTION('ref_axis',(-1.,0.,0.));
#3431=DIRECTION('center_axis',(0.,-0.707106781186548,-0.707106781186548));
#3432=DIRECTION('ref_axis',(0.,-0.707106781186547,0.707106781186548));
#3433=DIRECTION('',(0.,0.,1.));
#3434=DIRECTION('center_axis',(0.,1.,0.));
#3435=DIRECTION('ref_axis',(-1.,0.,0.));
#3436=DIRECTION('center_axis',(0.,1.,0.));
#3437=DIRECTION('ref_axis',(1.,0.,0.));
#3438=DIRECTION('center_axis',(0.,1.,-2.40048221540574E-16));
#3439=DIRECTION('ref_axis',(1.,0.,0.));
#3440=DIRECTION('',(0.,-1.,0.));
#3441=DIRECTION('center_axis',(0.,-1.,2.40048221540574E-16));
#3442=DIRECTION('ref_axis',(0.,-2.40048221540574E-16,-1.));
#3443=DIRECTION('center_axis',(0.,-1.,2.40048221540574E-16));
#3444=DIRECTION('ref_axis',(0.,-2.40048221540574E-16,-1.));
#3445=DIRECTION('',(1.,0.,0.));
#3446=DIRECTION('',(0.,-2.40048221540574E-16,-1.));
#3447=DIRECTION('',(-1.,0.,0.));
#3448=DIRECTION('',(0.,-2.40048221540574E-16,-1.));
#3449=DIRECTION('',(-1.,0.,0.));
#3450=DIRECTION('',(0.,0.,1.));
#3451=DIRECTION('',(1.,0.,0.));
#3452=DIRECTION('',(0.,0.,1.));
#3453=DIRECTION('center_axis',(0.,1.,-2.40048221540574E-16));
#3454=DIRECTION('ref_axis',(1.,0.,0.));
#3455=DIRECTION('center_axis',(0.,1.,0.));
#3456=DIRECTION('ref_axis',(1.,0.,0.));
#3457=DIRECTION('',(0.,-1.,0.));
#3458=DIRECTION('center_axis',(0.,-1.,1.36642833800019E-16));
#3459=DIRECTION('ref_axis',(1.,0.,0.));
#3460=DIRECTION('center_axis',(0.,1.,0.));
#3461=DIRECTION('ref_axis',(-1.,0.,0.));
#3462=DIRECTION('center_axis',(0.,-1.,1.36642833800019E-16));
#3463=DIRECTION('ref_axis',(-1.,0.,0.));
#3464=DIRECTION('center_axis',(0.,-0.707106781186548,0.707106781186548));
#3465=DIRECTION('ref_axis',(0.,0.707106781186547,0.707106781186548));
#3466=DIRECTION('center_axis',(0.707106781186547,-0.707106781186548,0.));
#3467=DIRECTION('ref_axis',(-0.707106781186548,-0.707106781186547,0.));
#3468=DIRECTION('center_axis',(0.,0.,-1.));
#3469=DIRECTION('ref_axis',(-1.,0.,0.));
#3470=DIRECTION('',(0.,0.,-1.));
#3471=DIRECTION('center_axis',(0.,0.,-1.));
#3472=DIRECTION('ref_axis',(-1.,0.,0.));
#3473=DIRECTION('center_axis',(-0.707106781186548,0.,0.707106781186548));
#3474=DIRECTION('ref_axis',(0.707106781186548,0.,0.707106781186548));
#3475=DIRECTION('center_axis',(0.,0.,1.));
#3476=DIRECTION('ref_axis',(1.,0.,0.));
#3477=DIRECTION('',(-1.,0.,0.));
#3478=DIRECTION('center_axis',(0.,0.,1.));
#3479=DIRECTION('ref_axis',(1.,0.,0.));
#3480=DIRECTION('center_axis',(0.,0.,1.));
#3481=DIRECTION('ref_axis',(1.,0.,0.));
#3482=DIRECTION('',(0.,0.,-1.));
#3483=DIRECTION('center_axis',(0.,0.,1.));
#3484=DIRECTION('ref_axis',(1.,0.,0.));
#3485=DIRECTION('center_axis',(0.,0.,1.));
#3486=DIRECTION('ref_axis',(1.,0.,0.));
#3487=DIRECTION('',(-1.,0.,0.));
#3488=DIRECTION('',(0.,-1.,0.));
#3489=DIRECTION('center_axis',(-1.,0.,0.));
#3490=DIRECTION('ref_axis',(0.,0.,1.));
#3491=DIRECTION('',(1.,0.,0.));
#3492=DIRECTION('center_axis',(-1.,0.,0.));
#3493=DIRECTION('ref_axis',(0.,0.,1.));
#3494=DIRECTION('center_axis',(-1.,0.,0.));
#3495=DIRECTION('ref_axis',(0.,-1.,0.));
#3496=DIRECTION('',(0.,1.36642833800019E-16,1.));
#3497=DIRECTION('center_axis',(1.,0.,0.));
#3498=DIRECTION('ref_axis',(0.,0.,-1.));
#3499=DIRECTION('center_axis',(1.,0.,0.));
#3500=DIRECTION('ref_axis',(0.,0.,-1.));
#3501=DIRECTION('',(0.,1.36642833800019E-16,1.));
#3502=DIRECTION('center_axis',(1.,0.,0.));
#3503=DIRECTION('ref_axis',(0.,0.,-1.));
#3504=DIRECTION('center_axis',(1.,0.,0.));
#3505=DIRECTION('ref_axis',(0.,0.,-1.));
#3506=DIRECTION('',(1.,0.,0.));
#3507=DIRECTION('center_axis',(0.,1.,-1.36642833800019E-16));
#3508=DIRECTION('ref_axis',(0.,1.36642833800019E-16,1.));
#3509=DIRECTION('center_axis',(0.,1.,-1.36642833800019E-16));
#3510=DIRECTION('ref_axis',(0.,1.36642833800019E-16,1.));
#3511=DIRECTION('',(1.,0.,0.));
#3512=DIRECTION('center_axis',(0.,-1.,1.36642833800019E-16));
#3513=DIRECTION('ref_axis',(-1.,0.,0.));
#3514=DIRECTION('',(0.,0.,1.));
#3515=DIRECTION('',(-1.,0.,0.));
#3516=DIRECTION('',(0.,0.,1.));
#3517=DIRECTION('',(-1.,0.,0.));
#3518=DIRECTION('',(0.,-1.36642833800019E-16,-1.));
#3519=DIRECTION('',(1.,0.,0.));
#3520=DIRECTION('',(0.,-1.36642833800019E-16,-1.));
#3521=DIRECTION('center_axis',(0.,-1.,1.36642833800019E-16));
#3522=DIRECTION('ref_axis',(1.,0.,0.));
#3523=DIRECTION('center_axis',(0.,0.,1.));
#3524=DIRECTION('ref_axis',(1.,0.,0.));
#3525=DIRECTION('center_axis',(0.,0.,1.));
#3526=DIRECTION('ref_axis',(1.,0.,0.));
#3527=DIRECTION('',(1.,0.,0.));
#3528=DIRECTION('',(0.,1.,0.));
#3529=DIRECTION('center_axis',(0.,0.,1.));
#3530=DIRECTION('ref_axis',(1.,0.,0.));
#3531=DIRECTION('center_axis',(0.,0.,1.));
#3532=DIRECTION('ref_axis',(1.,0.,0.));
#3533=DIRECTION('',(0.,0.,-1.));
#3534=DIRECTION('center_axis',(1.,0.,0.));
#3535=DIRECTION('ref_axis',(0.,1.,0.));
#3536=DIRECTION('',(0.,2.40048221540574E-16,1.));
#3537=DIRECTION('center_axis',(-1.,0.,0.));
#3538=DIRECTION('ref_axis',(0.,0.,1.));
#3539=DIRECTION('center_axis',(0.,0.,1.));
#3540=DIRECTION('ref_axis',(1.,0.,0.));
#3541=DIRECTION('center_axis',(0.,0.,-1.));
#3542=DIRECTION('ref_axis',(-1.,0.,0.));
#3543=DIRECTION('',(1.,0.,0.));
#3544=DIRECTION('center_axis',(-1.,0.,0.));
#3545=DIRECTION('ref_axis',(0.,0.,1.));
#3546=DIRECTION('',(-1.,0.,0.));
#3547=DIRECTION('center_axis',(-1.,0.,0.));
#3548=DIRECTION('ref_axis',(0.,0.,1.));
#3549=DIRECTION('center_axis',(0.,0.,-1.));
#3550=DIRECTION('ref_axis',(-1.,0.,0.));
#3551=DIRECTION('center_axis',(0.,-0.707106781186548,0.707106781186548));
#3552=DIRECTION('ref_axis',(0.,0.707106781186547,0.707106781186548));
#3553=DIRECTION('center_axis',(0.707106781186548,0.,0.707106781186548));
#3554=DIRECTION('ref_axis',(-0.707106781186548,0.,0.707106781186548));
#3555=DIRECTION('',(0.,0.,-1.));
#3556=DIRECTION('center_axis',(1.,0.,0.));
#3557=DIRECTION('ref_axis',(0.,0.,-1.));
#3558=DIRECTION('',(0.,2.40048221540574E-16,1.));
#3559=DIRECTION('center_axis',(1.,0.,0.));
#3560=DIRECTION('ref_axis',(0.,0.,1.));
#3561=DIRECTION('center_axis',(0.,1.,0.));
#3562=DIRECTION('ref_axis',(-1.,0.,0.));
#3563=DIRECTION('center_axis',(-0.707106781186547,-0.707106781186548,0.));
#3564=DIRECTION('ref_axis',(-0.707106781186548,0.707106781186547,0.));
#3565=DIRECTION('center_axis',(-1.,0.,0.));
#3566=DIRECTION('ref_axis',(0.,0.,1.));
#3567=DIRECTION('',(-1.,0.,0.));
#3568=DIRECTION('center_axis',(0.,1.,0.));
#3569=DIRECTION('ref_axis',(1.,0.,0.));
#3570=DIRECTION('center_axis',(0.,1.,-2.40048221540574E-16));
#3571=DIRECTION('ref_axis',(1.,0.,0.));
#3572=DIRECTION('',(0.,-1.,0.));
#3573=DIRECTION('center_axis',(0.,-1.,2.40048221540574E-16));
#3574=DIRECTION('ref_axis',(0.,-2.40048221540574E-16,-1.));
#3575=DIRECTION('center_axis',(0.,-1.,2.40048221540574E-16));
#3576=DIRECTION('ref_axis',(0.,-2.40048221540574E-16,-1.));
#3577=DIRECTION('',(1.,0.,0.));
#3578=DIRECTION('',(0.,2.40048221540574E-16,1.));
#3579=DIRECTION('',(1.,0.,0.));
#3580=DIRECTION('',(0.,0.,-1.));
#3581=DIRECTION('',(-1.,0.,0.));
#3582=DIRECTION('',(0.,0.,-1.));
#3583=DIRECTION('',(-1.,0.,0.));
#3584=DIRECTION('',(0.,2.40048221540574E-16,1.));
#3585=DIRECTION('center_axis',(0.,1.,-2.40048221540574E-16));
#3586=DIRECTION('ref_axis',(1.,0.,0.));
#3587=DIRECTION('center_axis',(0.,1.,0.));
#3588=DIRECTION('ref_axis',(1.,0.,0.));
#3589=DIRECTION('',(0.,-1.,0.));
#3590=DIRECTION('center_axis',(0.,-1.,1.36642833800019E-16));
#3591=DIRECTION('ref_axis',(1.,0.,0.));
#3592=DIRECTION('center_axis',(-1.,0.,0.));
#3593=DIRECTION('ref_axis',(0.,0.,1.));
#3594=DIRECTION('',(-1.,0.,0.));
#3595=DIRECTION('center_axis',(-0.707106781186547,-0.707106781186548,0.));
#3596=DIRECTION('ref_axis',(-0.707106781186548,0.707106781186547,0.));
#3597=DIRECTION('center_axis',(0.707106781186548,0.,-0.707106781186548));
#3598=DIRECTION('ref_axis',(0.707106781186548,0.,0.707106781186548));
#3599=DIRECTION('center_axis',(1.,0.,0.));
#3600=DIRECTION('ref_axis',(0.,0.,1.));
#3601=DIRECTION('center_axis',(0.,1.,0.));
#3602=DIRECTION('ref_axis',(-1.,0.,0.));
#3603=DIRECTION('center_axis',(0.,-1.,1.36642833800019E-16));
#3604=DIRECTION('ref_axis',(-1.,0.,0.));
#3605=DIRECTION('center_axis',(0.,-0.707106781186548,-0.707106781186548));
#3606=DIRECTION('ref_axis',(0.,-0.707106781186547,0.707106781186548));
#3607=DIRECTION('center_axis',(1.,0.,0.));
#3608=DIRECTION('ref_axis',(0.,0.,-1.));
#3609=DIRECTION('',(0.,-1.36642833800019E-16,-1.));
#3610=DIRECTION('center_axis',(-1.,0.,0.));
#3611=DIRECTION('ref_axis',(0.,0.,1.));
#3612=DIRECTION('center_axis',(-1.,0.,0.));
#3613=DIRECTION('ref_axis',(0.,0.,1.));
#3614=DIRECTION('',(-1.,0.,0.));
#3615=DIRECTION('center_axis',(-1.,0.,0.));
#3616=DIRECTION('ref_axis',(0.,0.,1.));
#3617=DIRECTION('center_axis',(1.,0.,0.));
#3618=DIRECTION('ref_axis',(0.,1.,0.));
#3619=DIRECTION('',(0.,-1.36642833800019E-16,-1.));
#3620=DIRECTION('',(0.,1.,0.));
#3621=DIRECTION('center_axis',(0.,0.,-1.));
#3622=DIRECTION('ref_axis',(-1.,0.,0.));
#3623=DIRECTION('',(0.,0.,1.));
#3624=DIRECTION('center_axis',(0.,0.,1.));
#3625=DIRECTION('ref_axis',(-1.,0.,0.));
#3626=DIRECTION('center_axis',(0.,0.,1.));
#3627=DIRECTION('ref_axis',(1.,0.,0.));
#3628=DIRECTION('',(1.,0.,0.));
#3629=DIRECTION('center_axis',(0.,0.,-1.));
#3630=DIRECTION('ref_axis',(-1.,0.,0.));
#3631=DIRECTION('center_axis',(0.,0.,-1.));
#3632=DIRECTION('ref_axis',(-1.,0.,0.));
#3633=DIRECTION('',(0.,0.,1.));
#3634=DIRECTION('center_axis',(0.,0.,-1.));
#3635=DIRECTION('ref_axis',(-1.,0.,0.));
#3636=DIRECTION('center_axis',(0.,0.,1.));
#3637=DIRECTION('ref_axis',(1.,0.,0.));
#3638=DIRECTION('',(1.,0.,0.));
#3639=DIRECTION('center_axis',(0.,1.,-1.36642833800019E-16));
#3640=DIRECTION('ref_axis',(0.,1.36642833800019E-16,1.));
#3641=DIRECTION('center_axis',(0.,1.,-9.60192886162298E-17));
#3642=DIRECTION('ref_axis',(0.,9.60192886162298E-17,1.));
#3643=DIRECTION('',(-1.,0.,0.));
#3644=DIRECTION('',(0.,0.,-1.));
#3645=DIRECTION('',(-1.,0.,0.));
#3646=DIRECTION('',(0.,0.,-1.));
#3647=DIRECTION('',(1.,0.,0.));
#3648=DIRECTION('',(0.,9.60192886162298E-17,1.));
#3649=DIRECTION('',(1.,0.,0.));
#3650=DIRECTION('',(0.,9.60192886162298E-17,1.));
#3651=DIRECTION('center_axis',(0.,-1.,9.60192886162298E-17));
#3652=DIRECTION('ref_axis',(1.,0.,0.));
#3653=DIRECTION('center_axis',(-1.,0.,0.));
#3654=DIRECTION('ref_axis',(0.,0.,1.));
#3655=DIRECTION('center_axis',(-0.707106781186548,0.,0.707106781186548));
#3656=DIRECTION('ref_axis',(0.707106781186548,0.,0.707106781186548));
#3657=DIRECTION('center_axis',(-1.,0.,0.));
#3658=DIRECTION('ref_axis',(0.,0.,1.));
#3659=DIRECTION('center_axis',(1.,0.,0.));
#3660=DIRECTION('ref_axis',(0.,0.,-1.));
#3661=DIRECTION('',(0.,1.,0.));
#3662=DIRECTION('center_axis',(1.,0.,0.));
#3663=DIRECTION('ref_axis',(0.,0.,-1.));
#3664=DIRECTION('center_axis',(1.,0.,0.));
#3665=DIRECTION('ref_axis',(0.,0.,-1.));
#3666=DIRECTION('',(-1.,0.,0.));
#3667=DIRECTION('center_axis',(1.,0.,0.));
#3668=DIRECTION('ref_axis',(0.,0.,-1.));
#3669=DIRECTION('center_axis',(-1.,0.,0.));
#3670=DIRECTION('ref_axis',(0.,-1.,0.));
#3671=DIRECTION('',(0.,0.,-1.));
#3672=DIRECTION('',(0.,-1.,0.));
#3673=DIRECTION('center_axis',(0.,0.,1.));
#3674=DIRECTION('ref_axis',(1.,0.,0.));
#3675=DIRECTION('center_axis',(0.,0.,1.));
#3676=DIRECTION('ref_axis',(1.,0.,0.));
#3677=DIRECTION('',(0.,-1.,0.));
#3678=DIRECTION('center_axis',(0.,0.,-1.));
#3679=DIRECTION('ref_axis',(-1.,0.,0.));
#3680=DIRECTION('center_axis',(0.,0.,1.));
#3681=DIRECTION('ref_axis',(1.,0.,0.));
#3682=DIRECTION('center_axis',(0.,0.,1.));
#3683=DIRECTION('ref_axis',(1.,0.,0.));
#3684=DIRECTION('',(0.,0.,1.));
#3685=DIRECTION('center_axis',(0.,0.,-1.));
#3686=DIRECTION('ref_axis',(-1.,0.,0.));
#3687=DIRECTION('center_axis',(0.,0.,1.));
#3688=DIRECTION('ref_axis',(1.,0.,0.));
#3689=DIRECTION('',(1.,-2.72447368006173E-16,0.));
#3690=DIRECTION('center_axis',(0.,1.,0.));
#3691=DIRECTION('ref_axis',(1.,0.,0.));
#3692=DIRECTION('center_axis',(2.72447368006173E-16,1.,0.));
#3693=DIRECTION('ref_axis',(1.,0.,0.));
#3694=DIRECTION('',(0.,-1.,0.));
#3695=DIRECTION('center_axis',(-2.72447368006173E-16,-1.,0.));
#3696=DIRECTION('ref_axis',(1.,-2.72447368006173E-16,0.));
#3697=DIRECTION('center_axis',(2.72447368006173E-16,1.,0.));
#3698=DIRECTION('ref_axis',(-1.,0.,0.));
#3699=DIRECTION('center_axis',(0.,-1.,0.));
#3700=DIRECTION('ref_axis',(-1.,0.,0.));
#3701=DIRECTION('center_axis',(0.,-1.,0.));
#3702=DIRECTION('ref_axis',(-1.,0.,0.));
#3703=DIRECTION('center_axis',(2.72447368006173E-16,1.,0.));
#3704=DIRECTION('ref_axis',(-1.,0.,0.));
#3705=DIRECTION('',(0.,1.,0.));
#3706=DIRECTION('',(0.,-1.,0.));
#3707=DIRECTION('center_axis',(-2.72447368006173E-16,-1.,0.));
#3708=DIRECTION('ref_axis',(1.,-2.72447368006173E-16,0.));
#3709=DIRECTION('',(0.,0.,-1.));
#3710=DIRECTION('',(-1.,2.72447368006173E-16,0.));
#3711=DIRECTION('',(0.,0.,1.));
#3712=DIRECTION('',(1.,0.,0.));
#3713=DIRECTION('center_axis',(2.72447368006173E-16,1.,0.));
#3714=DIRECTION('ref_axis',(1.,0.,0.));
#3715=DIRECTION('center_axis',(0.,1.,0.));
#3716=DIRECTION('ref_axis',(1.,0.,0.));
#3717=DIRECTION('',(0.,-1.,0.));
#3718=DIRECTION('center_axis',(0.,-1.,9.60192886162298E-17));
#3719=DIRECTION('ref_axis',(1.,0.,0.));
#3720=DIRECTION('center_axis',(-1.,0.,0.));
#3721=DIRECTION('ref_axis',(0.,0.,1.));
#3722=DIRECTION('',(-1.,0.,0.));
#3723=DIRECTION('center_axis',(-1.,0.,0.));
#3724=DIRECTION('ref_axis',(0.,0.,1.));
#3725=DIRECTION('center_axis',(-1.,0.,0.));
#3726=DIRECTION('ref_axis',(0.,0.,1.));
#3727=DIRECTION('center_axis',(1.,0.,0.));
#3728=DIRECTION('ref_axis',(0.,0.,-1.));
#3729=DIRECTION('',(0.,-9.60192886162298E-17,-1.));
#3730=DIRECTION('center_axis',(1.,0.,0.));
#3731=DIRECTION('ref_axis',(0.,0.,1.));
#3732=DIRECTION('center_axis',(1.,0.,0.));
#3733=DIRECTION('ref_axis',(0.,1.,0.));
#3734=DIRECTION('',(0.,-9.60192886162298E-17,-1.));
#3735=DIRECTION('',(0.,1.,0.));
#3736=DIRECTION('center_axis',(-1.,0.,0.));
#3737=DIRECTION('ref_axis',(0.,0.,1.));
#3738=DIRECTION('',(-1.,0.,0.));
#3739=DIRECTION('center_axis',(0.707106781186548,0.,-0.707106781186548));
#3740=DIRECTION('ref_axis',(0.707106781186548,0.,0.707106781186548));
#3741=DIRECTION('center_axis',(0.,0.,1.));
#3742=DIRECTION('ref_axis',(1.,0.,0.));
#3743=DIRECTION('',(1.,0.,0.));
#3744=DIRECTION('center_axis',(0.,0.,-1.));
#3745=DIRECTION('ref_axis',(-1.,0.,0.));
#3746=DIRECTION('center_axis',(0.,0.,-1.));
#3747=DIRECTION('ref_axis',(-1.,0.,0.));
#3748=DIRECTION('',(0.,0.,1.));
#3749=DIRECTION('center_axis',(0.,0.,-1.));
#3750=DIRECTION('ref_axis',(-1.,0.,0.));
#3751=DIRECTION('center_axis',(0.,0.,1.));
#3752=DIRECTION('ref_axis',(1.,0.,0.));
#3753=DIRECTION('',(1.,0.,0.));
#3754=DIRECTION('center_axis',(0.,0.,1.));
#3755=DIRECTION('ref_axis',(-1.,0.,0.));
#3756=DIRECTION('center_axis',(0.,0.,-1.));
#3757=DIRECTION('ref_axis',(-1.,0.,0.));
#3758=DIRECTION('',(0.,0.,1.));
#3759=DIRECTION('center_axis',(0.,1.,-9.60192886162298E-17));
#3760=DIRECTION('ref_axis',(0.,9.60192886162298E-17,1.));
#3761=DIRECTION('center_axis',(0.,1.,-9.60192886162298E-17));
#3762=DIRECTION('ref_axis',(0.,9.60192886162298E-17,1.));
#3763=DIRECTION('',(1.,0.,0.));
#3764=DIRECTION('',(0.,-9.60192886162298E-17,-1.));
#3765=DIRECTION('',(1.,0.,0.));
#3766=DIRECTION('',(0.,0.,1.));
#3767=DIRECTION('',(-1.,0.,0.));
#3768=DIRECTION('',(0.,0.,1.));
#3769=DIRECTION('',(-1.,0.,0.));
#3770=DIRECTION('',(0.,-9.60192886162298E-17,-1.));
#3771=DIRECTION('center_axis',(0.,-1.,9.60192886162298E-17));
#3772=DIRECTION('ref_axis',(1.,0.,0.));
#3773=DIRECTION('center_axis',(0.,0.,1.));
#3774=DIRECTION('ref_axis',(1.,0.,0.));
#3775=DIRECTION('center_axis',(0.,0.,-1.));
#3776=DIRECTION('ref_axis',(-1.,0.,0.));
#3777=DIRECTION('',(0.,1.,0.));
#3778=DIRECTION('center_axis',(0.,0.,1.));
#3779=DIRECTION('ref_axis',(1.,0.,0.));
#3780=DIRECTION('center_axis',(0.,0.,1.));
#3781=DIRECTION('ref_axis',(1.,0.,0.));
#3782=DIRECTION('',(0.,0.,-1.));
#3783=DIRECTION('center_axis',(0.,0.,1.));
#3784=DIRECTION('ref_axis',(1.,0.,0.));
#3785=DIRECTION('center_axis',(0.,0.,-1.));
#3786=DIRECTION('ref_axis',(-1.,0.,0.));
#3787=DIRECTION('center_axis',(0.707106781186548,0.,0.707106781186548));
#3788=DIRECTION('ref_axis',(-0.707106781186548,0.,0.707106781186548));
#3789=DIRECTION('center_axis',(0.,0.,1.));
#3790=DIRECTION('ref_axis',(1.,0.,0.));
#3791=DIRECTION('',(1.,-2.72447368006173E-16,0.));
#3792=DIRECTION('',(0.,1.,0.));
#3793=DIRECTION('center_axis',(-1.,0.,0.));
#3794=DIRECTION('ref_axis',(0.,0.,1.));
#3795=DIRECTION('center_axis',(1.,0.,0.));
#3796=DIRECTION('ref_axis',(0.,0.,1.));
#3797=DIRECTION('center_axis',(1.,0.,0.));
#3798=DIRECTION('ref_axis',(0.,1.,0.));
#3799=DIRECTION('',(0.,0.,1.));
#3800=DIRECTION('center_axis',(-1.,0.,0.));
#3801=DIRECTION('ref_axis',(0.,0.,1.));
#3802=DIRECTION('center_axis',(1.,0.,0.));
#3803=DIRECTION('ref_axis',(0.,0.,-1.));
#3804=DIRECTION('center_axis',(-1.,0.,0.));
#3805=DIRECTION('ref_axis',(0.,0.,1.));
#3806=DIRECTION('',(0.,-1.,0.));
#3807=DIRECTION('center_axis',(-1.,0.,0.));
#3808=DIRECTION('ref_axis',(0.,0.,1.));
#3809=DIRECTION('',(-1.,0.,0.));
#3810=DIRECTION('center_axis',(0.,1.,0.));
#3811=DIRECTION('ref_axis',(1.,0.,0.));
#3812=DIRECTION('center_axis',(2.72447368006173E-16,1.,0.));
#3813=DIRECTION('ref_axis',(1.,0.,0.));
#3814=DIRECTION('',(0.,-1.,0.));
#3815=DIRECTION('center_axis',(-2.72447368006173E-16,-1.,0.));
#3816=DIRECTION('ref_axis',(1.,-2.72447368006173E-16,0.));
#3817=DIRECTION('center_axis',(2.72447368006173E-16,1.,0.));
#3818=DIRECTION('ref_axis',(-1.,0.,0.));
#3819=DIRECTION('center_axis',(0.,-1.,0.));
#3820=DIRECTION('ref_axis',(-1.,0.,0.));
#3821=DIRECTION('center_axis',(0.,-1.,0.));
#3822=DIRECTION('ref_axis',(-1.,0.,0.));
#3823=DIRECTION('center_axis',(2.72447368006173E-16,1.,0.));
#3824=DIRECTION('ref_axis',(-1.,0.,0.));
#3825=DIRECTION('',(0.,1.,0.));
#3826=DIRECTION('',(0.,-1.,0.));
#3827=DIRECTION('center_axis',(-2.72447368006173E-16,-1.,0.));
#3828=DIRECTION('ref_axis',(1.,-2.72447368006173E-16,0.));
#3829=DIRECTION('',(1.,0.,0.));
#3830=DIRECTION('',(0.,0.,-1.));
#3831=DIRECTION('',(-1.,2.72447368006173E-16,0.));
#3832=DIRECTION('',(0.,0.,1.));
#3833=DIRECTION('center_axis',(2.72447368006173E-16,1.,0.));
#3834=DIRECTION('ref_axis',(1.,0.,0.));
#3835=DIRECTION('center_axis',(0.,1.,0.));
#3836=DIRECTION('ref_axis',(1.,0.,0.));
#3837=DIRECTION('',(0.,-1.,0.));
#3838=DIRECTION('center_axis',(0.,-1.,9.60192886162298E-17));
#3839=DIRECTION('ref_axis',(1.,0.,0.));
#3840=DIRECTION('center_axis',(0.,0.,1.));
#3841=DIRECTION('ref_axis',(1.,0.,0.));
#3842=DIRECTION('',(1.,0.,0.));
#3843=DIRECTION('center_axis',(0.,0.,-1.));
#3844=DIRECTION('ref_axis',(-1.,0.,0.));
#3845=DIRECTION('',(0.,-1.,0.));
#3846=DIRECTION('center_axis',(0.,0.,-1.));
#3847=DIRECTION('ref_axis',(-1.,0.,0.));
#3848=DIRECTION('',(0.,0.,-1.));
#3849=DIRECTION('center_axis',(0.,0.,-1.));
#3850=DIRECTION('ref_axis',(-1.,0.,0.));
#3851=DIRECTION('center_axis',(0.,0.,1.));
#3852=DIRECTION('ref_axis',(1.,0.,0.));
#3853=DIRECTION('',(1.,0.,0.));
#3854=DIRECTION('center_axis',(0.,0.,1.));
#3855=DIRECTION('ref_axis',(-1.,0.,0.));
#3856=DIRECTION('center_axis',(0.,0.,-1.));
#3857=DIRECTION('ref_axis',(-1.,0.,0.));
#3858=DIRECTION('',(0.,0.,-1.));
#3859=DIRECTION('center_axis',(-0.707106781186548,0.,-0.707106781186548));
#3860=DIRECTION('ref_axis',(-0.707106781186548,0.,0.707106781186548));
#3861=DIRECTION('center_axis',(-1.,0.,0.));
#3862=DIRECTION('ref_axis',(0.,-1.,0.));
#3863=DIRECTION('',(0.,9.60192886162298E-17,1.));
#3864=DIRECTION('center_axis',(1.,0.,0.));
#3865=DIRECTION('ref_axis',(0.,0.,-1.));
#3866=DIRECTION('center_axis',(1.,0.,0.));
#3867=DIRECTION('ref_axis',(0.,0.,-1.));
#3868=DIRECTION('',(-1.,0.,0.));
#3869=DIRECTION('center_axis',(1.,0.,0.));
#3870=DIRECTION('ref_axis',(0.,0.,-1.));
#3871=DIRECTION('center_axis',(1.,0.,0.));
#3872=DIRECTION('ref_axis',(0.,0.,-1.));
#3873=DIRECTION('',(0.,9.60192886162298E-17,1.));
#3874=DIRECTION('center_axis',(-1.,0.,0.));
#3875=DIRECTION('ref_axis',(0.,0.,1.));
#3876=DIRECTION('center_axis',(-1.,0.,0.));
#3877=DIRECTION('ref_axis',(0.,0.,1.));
#3878=DIRECTION('',(-1.,0.,0.));
#3879=DIRECTION('center_axis',(0.,1.,-9.60192886162298E-17));
#3880=DIRECTION('ref_axis',(0.,9.60192886162298E-17,1.));
#3881=DIRECTION('center_axis',(0.,1.,0.));
#3882=DIRECTION('ref_axis',(-1.,0.,0.));
#3883=DIRECTION('',(-1.,0.,0.));
#3884=DIRECTION('',(0.,0.,1.));
#3885=DIRECTION('',(-1.,0.,0.));
#3886=DIRECTION('',(0.,0.,1.));
#3887=DIRECTION('center_axis',(0.,-1.,0.));
#3888=DIRECTION('ref_axis',(1.,0.,0.));
#3889=DIRECTION('center_axis',(0.,-1.,0.));
#3890=DIRECTION('ref_axis',(1.,0.,0.));
#3891=DIRECTION('center_axis',(0.,-1.,0.));
#3892=DIRECTION('ref_axis',(1.,0.,0.));
#3893=DIRECTION('center_axis',(0.,-1.,0.));
#3894=DIRECTION('ref_axis',(1.,0.,0.));
#3895=DIRECTION('center_axis',(0.,-1.,0.));
#3896=DIRECTION('ref_axis',(1.,0.,0.));
#3897=DIRECTION('center_axis',(0.,-1.,0.));
#3898=DIRECTION('ref_axis',(1.,0.,0.));
#3899=DIRECTION('center_axis',(0.,-1.,0.));
#3900=DIRECTION('ref_axis',(1.,0.,0.));
#3901=DIRECTION('center_axis',(0.,-1.,0.));
#3902=DIRECTION('ref_axis',(1.,0.,0.));
#3903=DIRECTION('center_axis',(0.,-1.,0.));
#3904=DIRECTION('ref_axis',(-1.,0.,0.));
#3905=DIRECTION('center_axis',(0.,1.,0.));
#3906=DIRECTION('ref_axis',(0.,0.,1.));
#3907=DIRECTION('center_axis',(0.,-1.,0.));
#3908=DIRECTION('ref_axis',(-1.,0.,0.));
#3909=DIRECTION('center_axis',(0.,-1.,0.));
#3910=DIRECTION('ref_axis',(-1.,0.,0.));
#3911=DIRECTION('center_axis',(0.,-1.,0.));
#3912=DIRECTION('ref_axis',(-1.,0.,0.));
#3913=DIRECTION('',(0.,-1.,0.));
#3914=DIRECTION('center_axis',(0.,1.,0.));
#3915=DIRECTION('ref_axis',(1.,0.,0.));
#3916=DIRECTION('',(0.,-1.,0.));
#3917=DIRECTION('center_axis',(0.,1.,0.));
#3918=DIRECTION('ref_axis',(1.,0.,0.));
#3919=DIRECTION('center_axis',(0.,1.,0.));
#3920=DIRECTION('ref_axis',(1.,0.,0.));
#3921=DIRECTION('center_axis',(0.,1.,0.));
#3922=DIRECTION('ref_axis',(1.,0.,0.));
#3923=DIRECTION('center_axis',(0.,1.,0.));
#3924=DIRECTION('ref_axis',(1.,0.,0.));
#3925=DIRECTION('center_axis',(0.,1.,0.));
#3926=DIRECTION('ref_axis',(1.,0.,0.));
#3927=DIRECTION('',(0.,-1.,0.));
#3928=DIRECTION('center_axis',(0.,1.,0.));
#3929=DIRECTION('ref_axis',(1.,0.,0.));
#3930=DIRECTION('center_axis',(0.,1.,0.));
#3931=DIRECTION('ref_axis',(1.,0.,0.));
#3932=DIRECTION('center_axis',(0.,1.,0.));
#3933=DIRECTION('ref_axis',(1.,0.,0.));
#3934=DIRECTION('center_axis',(0.,1.,0.));
#3935=DIRECTION('ref_axis',(1.,0.,0.));
#3936=DIRECTION('center_axis',(0.,1.,0.));
#3937=DIRECTION('ref_axis',(1.,0.,0.));
#3938=DIRECTION('',(0.,-1.,0.));
#3939=DIRECTION('center_axis',(0.,1.,0.));
#3940=DIRECTION('ref_axis',(1.,0.,0.));
#3941=DIRECTION('center_axis',(0.,1.,0.));
#3942=DIRECTION('ref_axis',(1.,0.,0.));
#3943=DIRECTION('center_axis',(0.,1.,0.));
#3944=DIRECTION('ref_axis',(1.,0.,0.));
#3945=DIRECTION('center_axis',(0.,1.,0.));
#3946=DIRECTION('ref_axis',(1.,0.,0.));
#3947=DIRECTION('center_axis',(0.,1.,0.));
#3948=DIRECTION('ref_axis',(1.,0.,0.));
#3949=DIRECTION('',(0.,-1.,0.));
#3950=DIRECTION('center_axis',(0.,1.,0.));
#3951=DIRECTION('ref_axis',(1.,0.,0.));
#3952=DIRECTION('center_axis',(0.,1.,0.));
#3953=DIRECTION('ref_axis',(1.,0.,0.));
#3954=DIRECTION('center_axis',(0.,1.,0.));
#3955=DIRECTION('ref_axis',(1.,0.,0.));
#3956=DIRECTION('center_axis',(0.,1.,0.));
#3957=DIRECTION('ref_axis',(1.,0.,0.));
#3958=DIRECTION('center_axis',(0.,1.,0.));
#3959=DIRECTION('ref_axis',(1.,0.,0.));
#3960=DIRECTION('',(0.,-1.,0.));
#3961=DIRECTION('center_axis',(-1.08978947202469E-16,-1.,0.));
#3962=DIRECTION('ref_axis',(1.,0.,0.));
#3963=DIRECTION('center_axis',(0.,1.,0.));
#3964=DIRECTION('ref_axis',(1.,0.,0.));
#3965=DIRECTION('',(0.,-1.,0.));
#3966=DIRECTION('center_axis',(-1.08978947202469E-16,-1.,0.));
#3967=DIRECTION('ref_axis',(1.,0.,0.));
#3968=DIRECTION('center_axis',(0.,1.,0.));
#3969=DIRECTION('ref_axis',(1.,0.,0.));
#3970=DIRECTION('',(0.,-1.,0.));
#3971=DIRECTION('center_axis',(-1.08978947202469E-16,-1.,0.));
#3972=DIRECTION('ref_axis',(1.,0.,0.));
#3973=DIRECTION('center_axis',(0.,1.,0.));
#3974=DIRECTION('ref_axis',(1.,0.,0.));
#3975=DIRECTION('',(0.,-1.,0.));
#3976=DIRECTION('center_axis',(-1.08978947202469E-16,-1.,0.));
#3977=DIRECTION('ref_axis',(1.,0.,0.));
#3978=DIRECTION('center_axis',(0.,-1.,0.));
#3979=DIRECTION('ref_axis',(-1.,0.,0.));
#3980=DIRECTION('',(0.,-1.,0.));
#3981=DIRECTION('center_axis',(-1.08978947202469E-16,-1.,0.));
#3982=DIRECTION('ref_axis',(-1.,0.,0.));
#3983=DIRECTION('center_axis',(-1.08978947202469E-16,-1.,0.));
#3984=DIRECTION('ref_axis',(-1.,0.,0.));
#3985=DIRECTION('center_axis',(-1.08978947202469E-16,-1.,0.));
#3986=DIRECTION('ref_axis',(-1.,0.,0.));
#3987=DIRECTION('center_axis',(-1.08978947202469E-16,-1.,0.));
#3988=DIRECTION('ref_axis',(-1.,0.,0.));
#3989=DIRECTION('center_axis',(0.,0.,1.));
#3990=DIRECTION('ref_axis',(1.,0.,0.));
#3991=DIRECTION('',(0.,0.,-1.));
#3992=DIRECTION('center_axis',(0.,0.,1.));
#3993=DIRECTION('ref_axis',(1.,0.,0.));
#3994=DIRECTION('',(0.,0.,1.));
#3995=DIRECTION('center_axis',(-1.,0.,0.));
#3996=DIRECTION('ref_axis',(0.,0.,1.));
#3997=DIRECTION('',(-1.,0.,0.));
#3998=DIRECTION('',(1.,0.,0.));
#3999=DIRECTION('center_axis',(-1.,0.,0.));
#4000=DIRECTION('ref_axis',(0.,0.,1.));
#4001=DIRECTION('center_axis',(1.,0.,0.));
#4002=DIRECTION('ref_axis',(0.,1.,0.));
#4003=DIRECTION('',(0.,0.,-1.));
#4004=DIRECTION('',(0.,0.,-1.));
#4005=DIRECTION('',(0.,1.,0.));
#4006=DIRECTION('',(0.,1.,0.));
#4007=DIRECTION('center_axis',(0.,0.,1.));
#4008=DIRECTION('ref_axis',(1.,0.,0.));
#4009=DIRECTION('',(-1.,1.08978947202469E-16,0.));
#4010=DIRECTION('',(0.,-1.,0.));
#4011=DIRECTION('',(-1.,1.08978947202469E-16,0.));
#4012=DIRECTION('center_axis',(1.,0.,0.));
#4013=DIRECTION('ref_axis',(0.,0.,-1.));
#4014=DIRECTION('',(-1.,0.,0.));
#4015=DIRECTION('center_axis',(1.,0.,0.));
#4016=DIRECTION('ref_axis',(0.,0.,-1.));
#4017=DIRECTION('',(1.,0.,0.));
#4018=DIRECTION('center_axis',(-1.,0.,0.));
#4019=DIRECTION('ref_axis',(0.,-1.,0.));
#4020=DIRECTION('',(0.,0.,1.));
#4021=DIRECTION('',(0.,-1.,0.));
#4022=DIRECTION('',(0.,0.,1.));
#4023=DIRECTION('center_axis',(0.,0.,-1.));
#4024=DIRECTION('ref_axis',(-1.,0.,0.));
#4025=DIRECTION('',(0.,0.,1.));
#4026=DIRECTION('center_axis',(0.,0.,-1.));
#4027=DIRECTION('ref_axis',(-1.,0.,0.));
#4028=DIRECTION('',(0.,0.,-1.));
#4029=DIRECTION('center_axis',(0.,0.,1.));
#4030=DIRECTION('ref_axis',(1.,0.,0.));
#4031=DIRECTION('',(1.,-1.08978947202469E-16,0.));
#4032=DIRECTION('',(1.,-1.08978947202469E-16,0.));
#4033=DIRECTION('center_axis',(1.08978947202469E-16,1.,0.));
#4034=DIRECTION('ref_axis',(-1.,1.08978947202469E-16,0.));
#4035=DIRECTION('center_axis',(1.08978947202469E-16,1.,0.));
#4036=DIRECTION('ref_axis',(-1.,1.08978947202469E-16,0.));
#4037=DIRECTION('center_axis',(1.08978947202469E-16,1.,0.));
#4038=DIRECTION('ref_axis',(-1.,1.08978947202469E-16,0.));
#4039=DIRECTION('center_axis',(1.08978947202469E-16,1.,0.));
#4040=DIRECTION('ref_axis',(-1.,1.08978947202469E-16,0.));
#4041=CARTESIAN_POINT('',(0.,0.,0.));
#4042=CARTESIAN_POINT('Origin',(-60.,-30.,144.));
#4043=CARTESIAN_POINT('',(40.,-30.,41.9722436226801));
#4044=CARTESIAN_POINT('',(30.,-30.,41.9722436226801));
#4045=CARTESIAN_POINT('',(60.,-30.,41.9722436226801));
#4046=CARTESIAN_POINT('',(40.,-30.,37.5));
#4047=CARTESIAN_POINT('',(40.,-30.,102.));
#4048=CARTESIAN_POINT('',(60.,-30.,37.5));
#4049=CARTESIAN_POINT('',(60.,-30.,37.5));
#4050=CARTESIAN_POINT('',(60.,-30.,0.));
#4051=CARTESIAN_POINT('',(60.,-30.,72.));
#4052=CARTESIAN_POINT('',(22.5,-30.,0.));
#4053=CARTESIAN_POINT('',(-30.,-30.,0.));
#4054=CARTESIAN_POINT('',(22.5,-30.,20.));
#4055=CARTESIAN_POINT('',(22.5,-30.,0.));
#4056=CARTESIAN_POINT('',(18.0277563773199,-30.,20.));
#4057=CARTESIAN_POINT('',(-30.,-30.,20.));
#4058=CARTESIAN_POINT('',(18.0277563773199,-30.,30.));
#4059=CARTESIAN_POINT('',(18.02775637732,-30.,120.));
#4060=CARTESIAN_POINT('Origin',(0.,-30.,60.));
#4061=CARTESIAN_POINT('',(45.75,-30.,10.));
#4062=CARTESIAN_POINT('Origin',(50.,-30.,10.));
#4063=CARTESIAN_POINT('Origin',(-60.,-30.,144.));
#4064=CARTESIAN_POINT('',(-40.,-30.,37.5));
#4065=CARTESIAN_POINT('',(-60.,-30.,37.5));
#4066=CARTESIAN_POINT('',(-60.,-30.,37.5));
#4067=CARTESIAN_POINT('',(-40.,-30.,41.9722436226801));
#4068=CARTESIAN_POINT('',(-40.,-30.,102.));
#4069=CARTESIAN_POINT('',(-30.,-30.,41.9722436226801));
#4070=CARTESIAN_POINT('',(60.,-30.,41.9722436226801));
#4071=CARTESIAN_POINT('',(-18.0277563773199,-30.,30.));
#4072=CARTESIAN_POINT('Origin',(0.,-30.,60.));
#4073=CARTESIAN_POINT('',(-18.0277563773199,-30.,20.));
#4074=CARTESIAN_POINT('',(-18.02775637732,-30.,120.));
#4075=CARTESIAN_POINT('',(-22.5,-30.,20.));
#4076=CARTESIAN_POINT('',(-30.,-30.,20.));
#4077=CARTESIAN_POINT('',(-22.5,-30.,0.));
#4078=CARTESIAN_POINT('',(-22.5,-30.,0.));
#4079=CARTESIAN_POINT('',(-60.,-30.,0.));
#4080=CARTESIAN_POINT('',(-30.,-30.,0.));
#4081=CARTESIAN_POINT('',(-60.,-30.,72.));
#4082=CARTESIAN_POINT('',(-54.25,-30.,10.));
#4083=CARTESIAN_POINT('Origin',(-50.,-30.,10.));
#4084=CARTESIAN_POINT('Origin',(-60.,-30.,144.));
#4085=CARTESIAN_POINT('',(-60.,-30.,82.5));
#4086=CARTESIAN_POINT('',(-40.,-30.,82.5));
#4087=CARTESIAN_POINT('',(-60.,-30.,82.5));
#4088=CARTESIAN_POINT('',(-60.,-30.,120.));
#4089=CARTESIAN_POINT('',(-60.,-30.,72.));
#4090=CARTESIAN_POINT('',(-22.5,-30.,120.));
#4091=CARTESIAN_POINT('',(-30.,-30.,120.));
#4092=CARTESIAN_POINT('',(-22.5,-30.,100.));
#4093=CARTESIAN_POINT('',(-22.5,-30.,120.));
#4094=CARTESIAN_POINT('',(-18.02775637732,-30.,100.));
#4095=CARTESIAN_POINT('',(-30.,-30.,100.));
#4096=CARTESIAN_POINT('',(-18.02775637732,-30.,90.));
#4097=CARTESIAN_POINT('',(-18.02775637732,-30.,120.));
#4098=CARTESIAN_POINT('',(-30.,-30.,78.0277563773199));
#4099=CARTESIAN_POINT('Origin',(0.,-30.,60.));
#4100=CARTESIAN_POINT('',(-40.,-30.,78.0277563773199));
#4101=CARTESIAN_POINT('',(60.,-30.,78.0277563773199));
#4102=CARTESIAN_POINT('',(-40.,-30.,102.));
#4103=CARTESIAN_POINT('',(-54.25,-30.,110.));
#4104=CARTESIAN_POINT('Origin',(-50.,-30.,110.));
#4105=CARTESIAN_POINT('Origin',(-60.,-30.,144.));
#4106=CARTESIAN_POINT('',(30.,-30.,78.0277563773199));
#4107=CARTESIAN_POINT('',(40.,-30.,78.0277563773199));
#4108=CARTESIAN_POINT('',(60.,-30.,78.0277563773199));
#4109=CARTESIAN_POINT('',(18.02775637732,-30.,90.));
#4110=CARTESIAN_POINT('Origin',(0.,-30.,60.));
#4111=CARTESIAN_POINT('',(18.02775637732,-30.,100.));
#4112=CARTESIAN_POINT('',(18.02775637732,-30.,120.));
#4113=CARTESIAN_POINT('',(22.5,-30.,100.));
#4114=CARTESIAN_POINT('',(-30.,-30.,100.));
#4115=CARTESIAN_POINT('',(22.5,-30.,120.));
#4116=CARTESIAN_POINT('',(22.5,-30.,120.));
#4117=CARTESIAN_POINT('',(60.,-30.,120.));
#4118=CARTESIAN_POINT('',(-30.,-30.,120.));
#4119=CARTESIAN_POINT('',(60.,-30.,82.5));
#4120=CARTESIAN_POINT('',(60.,-30.,72.));
#4121=CARTESIAN_POINT('',(40.,-30.,82.5));
#4122=CARTESIAN_POINT('',(60.,-30.,82.5));
#4123=CARTESIAN_POINT('',(40.,-30.,102.));
#4124=CARTESIAN_POINT('',(45.75,-30.,110.));
#4125=CARTESIAN_POINT('Origin',(50.,-30.,110.));
#4126=CARTESIAN_POINT('Origin',(0.,0.,120.));
#4127=CARTESIAN_POINT('Origin',(0.,0.,100.));
#4128=CARTESIAN_POINT('Origin',(0.,0.,120.));
#4129=CARTESIAN_POINT('Origin',(-3.54066983922288E-15,-7.89491928622334E-16,
100.));
#4130=CARTESIAN_POINT('Origin',(0.,0.,100.));
#4131=CARTESIAN_POINT('Origin',(0.,0.,120.));
#4132=CARTESIAN_POINT('Origin',(0.,0.,60.));
#4133=CARTESIAN_POINT('Origin',(0.,0.,0.));
#4134=CARTESIAN_POINT('',(60.,-60.,0.));
#4135=CARTESIAN_POINT('',(60.,-60.,0.));
#4136=CARTESIAN_POINT('',(-60.,-60.,0.));
#4137=CARTESIAN_POINT('',(-60.,-60.,0.));
#4138=CARTESIAN_POINT('',(-60.,60.,0.));
#4139=CARTESIAN_POINT('Origin',(0.,0.,0.));
#4140=CARTESIAN_POINT('Origin',(0.,-40.,60.));
#4141=CARTESIAN_POINT('',(35.,-40.,60.));
#4142=CARTESIAN_POINT('Origin',(0.,-40.,60.));
#4143=CARTESIAN_POINT('',(35.,-35.,60.));
#4144=CARTESIAN_POINT('',(35.,-40.,60.));
#4145=CARTESIAN_POINT('Origin',(0.,0.,60.));
#4146=CARTESIAN_POINT('Origin',(0.,0.,60.));
#4147=CARTESIAN_POINT('Origin',(0.,0.,60.));
#4148=CARTESIAN_POINT('Origin',(0.,0.,60.));
#4149=CARTESIAN_POINT('Origin',(60.,0.,60.));
#4150=CARTESIAN_POINT('Origin',(-40.,0.,60.));
#4151=CARTESIAN_POINT('Origin',(-40.,-7.89491928622334E-16,60.));
#4152=CARTESIAN_POINT('Origin',(-40.,0.,60.));
#4153=CARTESIAN_POINT('Origin',(-60.,0.,60.));
#4154=CARTESIAN_POINT('Origin',(-60.,0.,60.));
#4155=CARTESIAN_POINT('Origin',(3.54066983922288E-15,-7.89491928622334E-16,
20.));
#4156=CARTESIAN_POINT('Origin',(0.,0.,20.));
#4157=CARTESIAN_POINT('Origin',(0.,0.,20.));
#4158=CARTESIAN_POINT('Origin',(0.,0.,0.));
#4159=CARTESIAN_POINT('Origin',(60.,0.,60.));
#4160=CARTESIAN_POINT('Origin',(40.,0.,60.));
#4161=CARTESIAN_POINT('Origin',(40.,-7.89491928622334E-16,60.));
#4162=CARTESIAN_POINT('Origin',(40.,0.,60.));
#4163=CARTESIAN_POINT('Origin',(-60.,60.,0.));
#4164=CARTESIAN_POINT('',(-60.,-60.,120.));
#4165=CARTESIAN_POINT('',(-60.,-60.,0.));
#4166=CARTESIAN_POINT('',(-60.,60.,120.));
#4167=CARTESIAN_POINT('Origin',(0.,0.,120.));
#4168=CARTESIAN_POINT('Origin',(0.,-60.,60.));
#4169=CARTESIAN_POINT('',(37.5,-60.,60.));
#4170=CARTESIAN_POINT('Origin',(0.,-60.,60.));
#4171=CARTESIAN_POINT('',(37.5,-40.,60.));
#4172=CARTESIAN_POINT('',(37.5,-60.,60.));
#4173=CARTESIAN_POINT('Origin',(0.,-40.,60.));
#4174=CARTESIAN_POINT('Origin',(-1.96168598197821E-15,-40.,60.));
#4175=CARTESIAN_POINT('Origin',(50.,-147.846096908265,110.));
#4176=CARTESIAN_POINT('',(45.75,-60.,110.));
#4177=CARTESIAN_POINT('',(45.75,-147.846096908265,110.));
#4178=CARTESIAN_POINT('Origin',(50.,-60.,110.));
#4179=CARTESIAN_POINT('Origin',(-50.,-147.846096908265,110.));
#4180=CARTESIAN_POINT('',(-54.25,-60.,110.));
#4181=CARTESIAN_POINT('',(-54.25,-147.846096908265,110.));
#4182=CARTESIAN_POINT('Origin',(-50.,-60.,110.));
#4183=CARTESIAN_POINT('Origin',(-50.,-147.846096908265,10.));
#4184=CARTESIAN_POINT('',(-54.25,-60.,10.));
#4185=CARTESIAN_POINT('',(-54.25,-147.846096908265,10.));
#4186=CARTESIAN_POINT('Origin',(-50.,-60.,10.));
#4187=CARTESIAN_POINT('Origin',(50.,-147.846096908265,10.));
#4188=CARTESIAN_POINT('',(45.75,-60.,10.));
#4189=CARTESIAN_POINT('',(45.75,-147.846096908265,10.));
#4190=CARTESIAN_POINT('Origin',(50.,-60.,10.));
#4191=CARTESIAN_POINT('Origin',(60.,0.,60.));
#4192=CARTESIAN_POINT('Origin',(60.,0.,60.));
#4193=CARTESIAN_POINT('Origin',(60.,-60.,0.));
#4194=CARTESIAN_POINT('',(60.,-60.,120.));
#4195=CARTESIAN_POINT('',(60.,-60.,120.));
#4196=CARTESIAN_POINT('',(60.,-60.,0.));
#4197=CARTESIAN_POINT('Origin',(-60.,-60.,0.));
#4198=CARTESIAN_POINT('',(-60.,-60.,120.));
#4199=CARTESIAN_POINT('Origin',(0.,0.,120.));
#4200=CARTESIAN_POINT('Origin',(-60.,-29.99,-51.));
#4201=CARTESIAN_POINT('',(-40.,-29.99,82.5133271641488));
#4202=CARTESIAN_POINT('',(-60.,-29.99,82.5133271641488));
#4203=CARTESIAN_POINT('',(-60.,-29.99,82.5133271641488));
#4204=CARTESIAN_POINT('',(-40.,-29.99,78.0443869388794));
#4205=CARTESIAN_POINT('',(-40.,-29.99,4.50000000000001));
#4206=CARTESIAN_POINT('',(-29.99,-29.99,78.0443869388794));
#4207=CARTESIAN_POINT('',(60.,-29.99,78.0443869388794));
#4208=CARTESIAN_POINT('',(-18.0443869388794,-29.99,89.99));
#4209=CARTESIAN_POINT('Origin',(0.,-29.99,60.));
#4210=CARTESIAN_POINT('',(-18.0443869388794,-29.99,100.));
#4211=CARTESIAN_POINT('',(-18.0443869388794,-29.99,120.));
#4212=CARTESIAN_POINT('',(-22.5133271641488,-29.99,100.));
#4213=CARTESIAN_POINT('',(-30.,-29.99,100.));
#4214=CARTESIAN_POINT('',(-22.5133271641488,-29.99,120.));
#4215=CARTESIAN_POINT('',(-22.5133271641488,-29.99,120.));
#4216=CARTESIAN_POINT('',(-60.,-29.99,120.));
#4217=CARTESIAN_POINT('',(-30.,-29.99,120.));
#4218=CARTESIAN_POINT('',(-60.,-29.99,-25.5));
#4219=CARTESIAN_POINT('',(-54.25,-29.99,110.));
#4220=CARTESIAN_POINT('Origin',(-50.,-29.99,110.));
#4221=CARTESIAN_POINT('Origin',(-60.,0.,60.));
#4222=CARTESIAN_POINT('',(-60.,-0.0100000000000042,97.4999986666666));
#4223=CARTESIAN_POINT('Origin',(-60.,0.,60.));
#4224=CARTESIAN_POINT('',(-40.,-0.0100000000000042,97.4999986666666));
#4225=CARTESIAN_POINT('',(-60.,-0.0100000000000042,97.4999986666666));
#4226=CARTESIAN_POINT('Origin',(-40.,0.,60.));
#4227=CARTESIAN_POINT('Origin',(-40.,-7.89491928622334E-16,60.));
#4228=CARTESIAN_POINT('',(-40.,-0.0100000000000048,94.9999985714285));
#4229=CARTESIAN_POINT('',(-40.,-0.0100000000000038,99.));
#4230=CARTESIAN_POINT('Origin',(-40.,0.,60.));
#4231=CARTESIAN_POINT('Origin',(-60.,60.,0.));
#4232=CARTESIAN_POINT('',(-60.,-0.00999999999999446,120.));
#4233=CARTESIAN_POINT('',(-60.,60.,120.));
#4234=CARTESIAN_POINT('',(-60.,-0.0100000000000122,69.));
#4235=CARTESIAN_POINT('Origin',(60.,0.,60.));
#4236=CARTESIAN_POINT('',(-34.9999985714285,-0.0100000000000048,94.9999985714285));
#4237=CARTESIAN_POINT('',(60.,-0.0100000000000048,94.9999985714285));
#4238=CARTESIAN_POINT('',(-24.7487373415292,-24.7487373415292,84.7487373415292));
#4239=CARTESIAN_POINT('Origin',(0.,0.,60.));
#4240=CARTESIAN_POINT('Origin',(0.,0.,60.));
#4241=CARTESIAN_POINT('Origin',(0.,0.,120.));
#4242=CARTESIAN_POINT('',(-37.4999986666666,-0.00999999999999878,120.));
#4243=CARTESIAN_POINT('Origin',(0.,0.,120.));
#4244=CARTESIAN_POINT('',(-30.,-0.00999999999999878,120.));
#4245=CARTESIAN_POINT('Origin',(0.,0.,120.));
#4246=CARTESIAN_POINT('',(-37.4999986666666,-0.0100000000000036,100.));
#4247=CARTESIAN_POINT('Origin',(0.,0.,100.));
#4248=CARTESIAN_POINT('',(-37.4999986666666,-0.00999999999999878,120.));
#4249=CARTESIAN_POINT('Origin',(-3.54066983922288E-15,-7.89491928622334E-16,
100.));
#4250=CARTESIAN_POINT('',(-34.9999985714285,-0.0100000000000036,100.));
#4251=CARTESIAN_POINT('Origin',(0.,0.,100.));
#4252=CARTESIAN_POINT('',(-30.,-0.0100000000000036,100.));
#4253=CARTESIAN_POINT('Origin',(0.,0.,120.));
#4254=CARTESIAN_POINT('Origin',(0.,0.,60.));
#4255=CARTESIAN_POINT('',(-34.9999985714285,-0.00999999999999878,120.));
#4256=CARTESIAN_POINT('Origin',(0.,-40.,60.));
#4257=CARTESIAN_POINT('Origin',(-50.,-147.846096908265,110.));
#4258=CARTESIAN_POINT('',(-54.25,-0.00999999999999446,110.));
#4259=CARTESIAN_POINT('Origin',(-50.,-0.00999999999999446,110.));
#4260=CARTESIAN_POINT('',(-54.25,-147.846096908265,110.));
#4261=CARTESIAN_POINT('Origin',(-60.,-0.00999999999999446,138.));
#4262=CARTESIAN_POINT('Origin',(-60.,-0.00999999999999446,138.));
#4263=CARTESIAN_POINT('',(-60.,-0.01000000000003,0.));
#4264=CARTESIAN_POINT('',(-37.4999986666666,-0.0100000000000276,0.));
#4265=CARTESIAN_POINT('',(-30.,-0.0100000000000276,0.));
#4266=CARTESIAN_POINT('',(-60.,-0.0100000000000222,22.5000013333334));
#4267=CARTESIAN_POINT('',(-60.,-0.0100000000000122,69.));
#4268=CARTESIAN_POINT('',(-40.,-0.0100000000000222,22.5000013333334));
#4269=CARTESIAN_POINT('',(-60.,-0.0100000000000222,22.5000013333334));
#4270=CARTESIAN_POINT('',(-40.,-0.0100000000000216,25.0000014285715));
#4271=CARTESIAN_POINT('',(-40.,-0.0100000000000038,99.));
#4272=CARTESIAN_POINT('',(-34.9999985714285,-0.0100000000000216,25.0000014285715));
#4273=CARTESIAN_POINT('',(60.,-0.0100000000000216,25.0000014285715));
#4274=CARTESIAN_POINT('',(-34.9999985714285,-0.0100000000000228,20.));
#4275=CARTESIAN_POINT('',(-34.9999985714285,-0.00999999999999878,120.));
#4276=CARTESIAN_POINT('',(-37.4999986666666,-0.0100000000000228,20.));
#4277=CARTESIAN_POINT('',(-30.,-0.0100000000000228,20.));
#4278=CARTESIAN_POINT('',(-37.4999986666666,-0.0100000000000276,0.));
#4279=CARTESIAN_POINT('',(-54.25,-0.00999999999999446,10.));
#4280=CARTESIAN_POINT('Origin',(-50.,-0.00999999999999446,10.));
#4281=CARTESIAN_POINT('Origin',(-50.,-147.846096908265,10.));
#4282=CARTESIAN_POINT('',(-54.25,-29.99,10.));
#4283=CARTESIAN_POINT('',(-54.25,-147.846096908265,10.));
#4284=CARTESIAN_POINT('Origin',(-50.,-29.99,10.));
#4285=CARTESIAN_POINT('Origin',(0.,-40.,60.));
#4286=CARTESIAN_POINT('',(-29.99,-29.99,41.9556130611206));
#4287=CARTESIAN_POINT('',(-18.0443869388794,-29.99,30.01));
#4288=CARTESIAN_POINT('Origin',(0.,-29.99,60.));
#4289=CARTESIAN_POINT('',(-24.7487373415292,-24.7487373415292,35.2512626584708));
#4290=CARTESIAN_POINT('Origin',(0.,0.,60.));
#4291=CARTESIAN_POINT('Origin',(0.,0.,60.));
#4292=CARTESIAN_POINT('Origin',(0.,0.,120.));
#4293=CARTESIAN_POINT('',(-18.0443869388794,-29.99,20.));
#4294=CARTESIAN_POINT('',(-18.0443869388794,-29.99,120.));
#4295=CARTESIAN_POINT('Origin',(0.,0.,20.));
#4296=CARTESIAN_POINT('Origin',(0.,0.,60.));
#4297=CARTESIAN_POINT('Origin',(3.54066983922288E-15,-7.89491928622334E-16,
20.));
#4298=CARTESIAN_POINT('',(-22.5133271641488,-29.99,20.));
#4299=CARTESIAN_POINT('',(-30.,-29.99,20.));
#4300=CARTESIAN_POINT('Origin',(0.,0.,20.));
#4301=CARTESIAN_POINT('Origin',(0.,0.,0.));
#4302=CARTESIAN_POINT('',(-22.5133271641488,-29.99,0.));
#4303=CARTESIAN_POINT('',(-22.5133271641488,-29.99,0.));
#4304=CARTESIAN_POINT('Origin',(0.,0.,0.));
#4305=CARTESIAN_POINT('Origin',(0.,0.,0.));
#4306=CARTESIAN_POINT('',(-60.,-29.99,0.));
#4307=CARTESIAN_POINT('',(-30.,-29.99,0.));
#4308=CARTESIAN_POINT('',(-60.,60.,0.));
#4309=CARTESIAN_POINT('Origin',(60.,0.,60.));
#4310=CARTESIAN_POINT('',(-40.,-29.99,41.9556130611206));
#4311=CARTESIAN_POINT('',(60.,-29.99,41.9556130611206));
#4312=CARTESIAN_POINT('Origin',(-40.,0.,60.));
#4313=CARTESIAN_POINT('Origin',(-60.,60.,0.));
#4314=CARTESIAN_POINT('',(-60.,-29.99,37.4866728358512));
#4315=CARTESIAN_POINT('',(-60.,-29.99,-25.5));
#4316=CARTESIAN_POINT('Origin',(-60.,0.,60.));
#4317=CARTESIAN_POINT('Origin',(-40.,-7.89491928622334E-16,60.));
#4318=CARTESIAN_POINT('',(-40.,-29.99,37.4866728358512));
#4319=CARTESIAN_POINT('',(-40.,-29.99,4.50000000000001));
#4320=CARTESIAN_POINT('Origin',(-40.,0.,60.));
#4321=CARTESIAN_POINT('Origin',(-60.,0.,60.));
#4322=CARTESIAN_POINT('',(-60.,-29.99,37.4866728358512));
#4323=CARTESIAN_POINT('Origin',(-60.,-29.99,-51.));
#4324=CARTESIAN_POINT('Origin',(-60.,-29.99,-51.));
#4325=CARTESIAN_POINT('',(29.99,-29.99,41.9556130611206));
#4326=CARTESIAN_POINT('',(40.,-29.99,41.9556130611206));
#4327=CARTESIAN_POINT('',(60.,-29.99,41.9556130611206));
#4328=CARTESIAN_POINT('',(18.0443869388794,-29.99,30.01));
#4329=CARTESIAN_POINT('Origin',(0.,-29.99,60.));
#4330=CARTESIAN_POINT('',(18.0443869388794,-29.99,20.));
#4331=CARTESIAN_POINT('',(18.0443869388794,-29.99,120.));
#4332=CARTESIAN_POINT('',(22.5133271641488,-29.99,20.));
#4333=CARTESIAN_POINT('',(-30.,-29.99,20.));
#4334=CARTESIAN_POINT('',(22.5133271641488,-29.99,0.));
#4335=CARTESIAN_POINT('',(22.5133271641488,-29.99,0.));
#4336=CARTESIAN_POINT('',(60.,-29.99,0.));
#4337=CARTESIAN_POINT('',(-30.,-29.99,0.));
#4338=CARTESIAN_POINT('',(60.,-29.99,37.4866728358512));
#4339=CARTESIAN_POINT('',(60.,-29.99,-25.5));
#4340=CARTESIAN_POINT('',(40.,-29.99,37.4866728358512));
#4341=CARTESIAN_POINT('',(60.,-29.99,37.4866728358512));
#4342=CARTESIAN_POINT('',(40.,-29.99,4.50000000000001));
#4343=CARTESIAN_POINT('',(45.75,-29.99,10.));
#4344=CARTESIAN_POINT('Origin',(50.,-29.99,10.));
#4345=CARTESIAN_POINT('Origin',(0.,0.,0.));
#4346=CARTESIAN_POINT('',(37.4999986666666,-0.0100000000000276,0.));
#4347=CARTESIAN_POINT('Origin',(0.,0.,0.));
#4348=CARTESIAN_POINT('',(60.,-0.01000000000003,0.));
#4349=CARTESIAN_POINT('',(-30.,-0.0100000000000276,0.));
#4350=CARTESIAN_POINT('',(60.,-60.,0.));
#4351=CARTESIAN_POINT('Origin',(0.,0.,0.));
#4352=CARTESIAN_POINT('',(37.4999986666666,-0.0100000000000228,20.));
#4353=CARTESIAN_POINT('Origin',(0.,0.,20.));
#4354=CARTESIAN_POINT('',(37.4999986666666,-0.0100000000000276,0.));
#4355=CARTESIAN_POINT('Origin',(60.,-60.,0.));
#4356=CARTESIAN_POINT('',(60.,-0.0100000000000222,22.5000013333334));
#4357=CARTESIAN_POINT('',(60.,-0.0100000000000122,69.));
#4358=CARTESIAN_POINT('Origin',(60.,0.,60.));
#4359=CARTESIAN_POINT('Origin',(3.54066983922288E-15,-7.89491928622334E-16,
20.));
#4360=CARTESIAN_POINT('',(34.9999985714285,-0.0100000000000228,20.));
#4361=CARTESIAN_POINT('Origin',(0.,0.,20.));
#4362=CARTESIAN_POINT('',(-30.,-0.0100000000000228,20.));
#4363=CARTESIAN_POINT('Origin',(60.,0.,60.));
#4364=CARTESIAN_POINT('',(40.,-0.0100000000000222,22.5000013333334));
#4365=CARTESIAN_POINT('',(60.,-0.0100000000000222,22.5000013333334));
#4366=CARTESIAN_POINT('Origin',(40.,0.,60.));
#4367=CARTESIAN_POINT('Origin',(0.,0.,120.));
#4368=CARTESIAN_POINT('',(24.7487373415292,-24.7487373415292,35.2512626584708));
#4369=CARTESIAN_POINT('Origin',(0.,0.,60.));
#4370=CARTESIAN_POINT('',(34.9999985714285,-0.0100000000000216,25.0000014285714));
#4371=CARTESIAN_POINT('Origin',(0.,0.,60.));
#4372=CARTESIAN_POINT('',(34.9999985714285,-0.00999999999999878,120.));
#4373=CARTESIAN_POINT('Origin',(40.,-7.89491928622334E-16,60.));
#4374=CARTESIAN_POINT('',(40.,-0.0100000000000216,25.0000014285715));
#4375=CARTESIAN_POINT('',(40.,-0.0100000000000038,99.));
#4376=CARTESIAN_POINT('Origin',(40.,0.,60.));
#4377=CARTESIAN_POINT('Origin',(0.,-40.,60.));
#4378=CARTESIAN_POINT('Origin',(0.,0.,60.));
#4379=CARTESIAN_POINT('Origin',(60.,0.,60.));
#4380=CARTESIAN_POINT('',(60.,-0.0100000000000216,25.0000014285715));
#4381=CARTESIAN_POINT('Origin',(50.,-147.846096908265,10.));
#4382=CARTESIAN_POINT('',(45.75,-0.00999999999999446,10.));
#4383=CARTESIAN_POINT('Origin',(50.,-0.00999999999999446,10.));
#4384=CARTESIAN_POINT('',(45.75,-147.846096908265,10.));
#4385=CARTESIAN_POINT('Origin',(-60.,-0.00999999999999446,138.));
#4386=CARTESIAN_POINT('Origin',(-60.,-0.00999999999999446,138.));
#4387=CARTESIAN_POINT('',(40.,-0.0100000000000042,97.4999986666666));
#4388=CARTESIAN_POINT('',(60.,-0.0100000000000042,97.4999986666666));
#4389=CARTESIAN_POINT('',(60.,-0.0100000000000042,97.4999986666666));
#4390=CARTESIAN_POINT('',(40.,-0.0100000000000048,94.9999985714285));
#4391=CARTESIAN_POINT('',(40.,-0.0100000000000038,99.));
#4392=CARTESIAN_POINT('',(34.9999985714285,-0.0100000000000048,94.9999985714285));
#4393=CARTESIAN_POINT('',(60.,-0.0100000000000048,94.9999985714285));
#4394=CARTESIAN_POINT('',(34.9999985714285,-0.0100000000000036,100.));
#4395=CARTESIAN_POINT('',(34.9999985714285,-0.00999999999999878,120.));
#4396=CARTESIAN_POINT('',(37.4999986666666,-0.0100000000000036,100.));
#4397=CARTESIAN_POINT('',(-30.,-0.0100000000000036,100.));
#4398=CARTESIAN_POINT('',(37.4999986666666,-0.00999999999999878,120.));
#4399=CARTESIAN_POINT('',(37.4999986666666,-0.00999999999999878,120.));
#4400=CARTESIAN_POINT('',(60.,-0.00999999999999446,120.));
#4401=CARTESIAN_POINT('',(-30.,-0.00999999999999878,120.));
#4402=CARTESIAN_POINT('',(60.,-0.0100000000000122,69.));
#4403=CARTESIAN_POINT('',(45.75,-0.00999999999999446,110.));
#4404=CARTESIAN_POINT('Origin',(50.,-0.00999999999999446,110.));
#4405=CARTESIAN_POINT('Origin',(50.,-147.846096908265,110.));
#4406=CARTESIAN_POINT('',(45.75,-29.99,110.));
#4407=CARTESIAN_POINT('',(45.75,-147.846096908265,110.));
#4408=CARTESIAN_POINT('Origin',(50.,-29.99,110.));
#4409=CARTESIAN_POINT('Origin',(60.,0.,60.));
#4410=CARTESIAN_POINT('',(40.,-29.99,78.0443869388794));
#4411=CARTESIAN_POINT('',(29.99,-29.99,78.0443869388794));
#4412=CARTESIAN_POINT('',(60.,-29.99,78.0443869388794));
#4413=CARTESIAN_POINT('',(24.7487373415292,-24.7487373415292,84.7487373415292));
#4414=CARTESIAN_POINT('Origin',(0.,0.,60.));
#4415=CARTESIAN_POINT('Origin',(0.,0.,60.));
#4416=CARTESIAN_POINT('Origin',(40.,0.,60.));
#4417=CARTESIAN_POINT('Origin',(0.,-40.,60.));
#4418=CARTESIAN_POINT('',(18.0443869388794,-29.99,89.99));
#4419=CARTESIAN_POINT('Origin',(0.,-29.99,60.));
#4420=CARTESIAN_POINT('Origin',(0.,0.,60.));
#4421=CARTESIAN_POINT('Origin',(40.,-7.89491928622334E-16,60.));
#4422=CARTESIAN_POINT('',(40.,-29.99,82.5133271641488));
#4423=CARTESIAN_POINT('',(40.,-29.99,4.50000000000001));
#4424=CARTESIAN_POINT('Origin',(40.,0.,60.));
#4425=CARTESIAN_POINT('Origin',(60.,0.,60.));
#4426=CARTESIAN_POINT('',(60.,-29.99,82.5133271641488));
#4427=CARTESIAN_POINT('',(60.,-29.99,82.5133271641488));
#4428=CARTESIAN_POINT('Origin',(60.,0.,60.));
#4429=CARTESIAN_POINT('Origin',(60.,-60.,0.));
#4430=CARTESIAN_POINT('',(60.,-29.99,120.));
#4431=CARTESIAN_POINT('',(60.,-29.99,-25.5));
#4432=CARTESIAN_POINT('',(60.,-60.,120.));
#4433=CARTESIAN_POINT('Origin',(0.,0.,120.));
#4434=CARTESIAN_POINT('',(18.0443869388794,-29.99,100.));
#4435=CARTESIAN_POINT('',(18.0443869388794,-29.99,120.));
#4436=CARTESIAN_POINT('Origin',(0.,0.,100.));
#4437=CARTESIAN_POINT('Origin',(-3.54066983922288E-15,-7.89491928622334E-16,
100.));
#4438=CARTESIAN_POINT('',(22.5133271641488,-29.99,100.));
#4439=CARTESIAN_POINT('',(-30.,-29.99,100.));
#4440=CARTESIAN_POINT('Origin',(0.,0.,100.));
#4441=CARTESIAN_POINT('Origin',(0.,0.,120.));
#4442=CARTESIAN_POINT('',(22.5133271641488,-29.99,120.));
#4443=CARTESIAN_POINT('',(22.5133271641488,-29.99,120.));
#4444=CARTESIAN_POINT('Origin',(0.,0.,120.));
#4445=CARTESIAN_POINT('Origin',(0.,0.,120.));
#4446=CARTESIAN_POINT('',(-30.,-29.99,120.));
#4447=CARTESIAN_POINT('Origin',(-60.,-29.99,-51.));
#4448=CARTESIAN_POINT('Origin',(-60.,-8.88178419700125E-15,-47.));
#4449=CARTESIAN_POINT('',(-37.5,-4.36887763203845E-15,0.));
#4450=CARTESIAN_POINT('',(-60.,0.,0.));
#4451=CARTESIAN_POINT('',(-30.,-4.36887763203845E-15,0.));
#4452=CARTESIAN_POINT('',(-37.5,-2.44849185971386E-15,20.));
#4453=CARTESIAN_POINT('',(-37.5,-4.36887763203845E-15,0.));
#4454=CARTESIAN_POINT('',(-35.,-2.44849185971386E-15,20.));
#4455=CARTESIAN_POINT('',(-30.,-2.44849185971386E-15,20.));
#4456=CARTESIAN_POINT('',(-35.,-1.96839541663271E-15,25.));
#4457=CARTESIAN_POINT('',(-35.,7.15343700190912E-15,120.));
#4458=CARTESIAN_POINT('',(-40.,-1.96839541663271E-15,25.));
#4459=CARTESIAN_POINT('',(60.,-1.96839541663271E-15,25.));
#4460=CARTESIAN_POINT('',(-40.,-2.20844363817329E-15,22.5));
#4461=CARTESIAN_POINT('',(-40.,-3.74475225603296E-15,6.50000000000001));
#4462=CARTESIAN_POINT('',(-60.,-2.20844363817329E-15,22.5));
#4463=CARTESIAN_POINT('',(-60.,-2.20844363817329E-15,22.5));
#4464=CARTESIAN_POINT('',(-60.,-4.44089209850063E-15,-23.5));
#4465=CARTESIAN_POINT('',(-54.25,-4.99756286456155E-32,10.));
#4466=CARTESIAN_POINT('Origin',(-50.,0.,10.));
#4467=CARTESIAN_POINT('Origin',(60.,0.,60.));
#4468=CARTESIAN_POINT('',(-34.2946788875476,6.99106572705474,25.7053211124524));
#4469=CARTESIAN_POINT('Origin',(0.,0.,60.));
#4470=CARTESIAN_POINT('',(-40.,21.7428149051589,32.5728236961951));
#4471=CARTESIAN_POINT('Ctrl Pts',(-34.2946788875476,6.99106572705474,25.7053211124524));
#4472=CARTESIAN_POINT('Ctrl Pts',(-34.7617235301373,9.28215361967475,26.1723657550422));
#4473=CARTESIAN_POINT('Ctrl Pts',(-35.4409226466958,11.5186522250825,26.8693790050525));
#4474=CARTESIAN_POINT('Ctrl Pts',(-37.0412415819964,15.7698828453781,28.668726254935));
#4475=CARTESIAN_POINT('Ctrl Pts',(-37.9617420329543,17.78858251292,29.7734415672763));
#4476=CARTESIAN_POINT('Ctrl Pts',(-39.2675531292852,20.3734378001589,31.5275496328404));
#4477=CARTESIAN_POINT('Ctrl Pts',(-39.6346612179102,21.0707054590115,32.0400108713632));
#4478=CARTESIAN_POINT('Ctrl Pts',(-40.,21.7428149051589,32.5728236961951));
#4479=CARTESIAN_POINT('Origin',(-40.,0.,60.));
#4480=CARTESIAN_POINT('Origin',(-40.,-7.89491928622334E-16,60.));
#4481=CARTESIAN_POINT('',(-40.,25.5734237050888,32.572823696195));
#4482=CARTESIAN_POINT('',(-40.,41.,32.5728236961951));
#4483=CARTESIAN_POINT('Origin',(-40.,0.,60.));
#4484=CARTESIAN_POINT('Origin',(-60.,0.,60.));
#4485=CARTESIAN_POINT('',(-42.9581203027391,29.9899999995382,37.4866728346208));
#4486=CARTESIAN_POINT('Ctrl Pts',(-40.,25.5734237050888,32.572823696195));
#4487=CARTESIAN_POINT('Ctrl Pts',(-40.2054226123351,25.8947300967617,32.8724135775006));
#4488=CARTESIAN_POINT('Ctrl Pts',(-40.4087398525652,26.2091670998155,33.1761585108245));
#4489=CARTESIAN_POINT('Ctrl Pts',(-41.4012497407049,27.7291733020942,34.6961647131031));
#4490=CARTESIAN_POINT('Ctrl Pts',(-42.1974014137723,28.9003349924166,36.0351302301407));
#4491=CARTESIAN_POINT('Ctrl Pts',(-42.9581203028379,29.989999999218,37.4866728348095));
#4492=CARTESIAN_POINT('',(-60.,29.99,37.4866728358512));
#4493=CARTESIAN_POINT('',(-60.,29.99,37.4866728358512));
#4494=CARTESIAN_POINT('Origin',(-60.,0.,60.));
#4495=CARTESIAN_POINT('Origin',(-60.,60.,0.));
#4496=CARTESIAN_POINT('',(-60.,29.99,0.));
#4497=CARTESIAN_POINT('',(-60.,29.99,0.));
#4498=CARTESIAN_POINT('',(-60.,60.,0.));
#4499=CARTESIAN_POINT('Origin',(3.54066983922288E-15,-7.89491928622334E-16,
20.));
#4500=CARTESIAN_POINT('',(-27.427176303805,25.5734237050888,20.));
#4501=CARTESIAN_POINT('Origin',(0.,0.,20.));
#4502=CARTESIAN_POINT('',(-27.427176303805,21.7428149051589,20.));
#4503=CARTESIAN_POINT('',(-27.427176303805,41.,20.));
#4504=CARTESIAN_POINT('Origin',(0.,0.,20.));
#4505=CARTESIAN_POINT('Origin',(0.,0.,0.));
#4506=CARTESIAN_POINT('',(-22.5133271641488,29.99,0.));
#4507=CARTESIAN_POINT('Origin',(0.,0.,0.));
#4508=CARTESIAN_POINT('',(-22.5133271653792,29.9899999995382,17.0418796972609));
#4509=CARTESIAN_POINT('',(-22.5133271641488,29.99,0.));
#4510=CARTESIAN_POINT('Ctrl Pts',(-22.5133271651906,29.989999999218,17.0418796971621));
#4511=CARTESIAN_POINT('Ctrl Pts',(-23.9648697698593,28.9003349924166,17.8025985862277));
#4512=CARTESIAN_POINT('Ctrl Pts',(-25.3038352868969,27.7291733020942,18.5987502592951));
#4513=CARTESIAN_POINT('Ctrl Pts',(-26.8238414891755,26.2091670998156,19.5912601474348));
#4514=CARTESIAN_POINT('Ctrl Pts',(-27.1275864224994,25.8947300967617,19.7945773876649));
#4515=CARTESIAN_POINT('Ctrl Pts',(-27.427176303805,25.5734237050888,20.));
#4516=CARTESIAN_POINT('Origin',(0.,0.,120.));
#4517=CARTESIAN_POINT('Ctrl Pts',(-27.427176303805,21.7428149051589,20.));
#4518=CARTESIAN_POINT('Ctrl Pts',(-27.9599891286368,21.0707054590115,20.3653387820898));
#4519=CARTESIAN_POINT('Ctrl Pts',(-28.4724503671596,20.3734378001589,20.7324468707148));
#4520=CARTESIAN_POINT('Ctrl Pts',(-30.2265584327237,17.78858251292,22.0382579670457));
#4521=CARTESIAN_POINT('Ctrl Pts',(-31.331273745065,15.7698828453781,22.9587584180036));
#4522=CARTESIAN_POINT('Ctrl Pts',(-33.1306209949475,11.5186522250825,24.5590773533042));
#4523=CARTESIAN_POINT('Ctrl Pts',(-33.8276342449578,9.28215361967475,25.2382764698627));
#4524=CARTESIAN_POINT('Ctrl Pts',(-34.2946788875476,6.99106572705475,25.7053211124525));
#4525=CARTESIAN_POINT('Origin',(0.,0.,0.));
#4526=CARTESIAN_POINT('',(-36.5,29.99,0.));
#4527=CARTESIAN_POINT('Origin',(-50.,-147.846096908265,10.));
#4528=CARTESIAN_POINT('',(-54.25,29.99,10.));
#4529=CARTESIAN_POINT('Origin',(-50.,29.99,10.));
#4530=CARTESIAN_POINT('',(-54.25,-147.846096908265,10.));
#4531=CARTESIAN_POINT('Origin',(-73.,29.99,0.));
#4532=CARTESIAN_POINT('Origin',(0.,29.99,60.));
#4533=CARTESIAN_POINT('Origin',(0.,41.,60.));
#4534=CARTESIAN_POINT('Origin',(0.,41.,60.));
#4535=CARTESIAN_POINT('',(22.5133271653792,29.9899999995382,102.958120302739));
#4536=CARTESIAN_POINT('',(42.958120302739,29.9899999995382,82.5133271653792));
#4537=CARTESIAN_POINT('Origin',(0.,29.99,60.));
#4538=CARTESIAN_POINT('',(40.,25.5734237050888,87.427176303805));
#4539=CARTESIAN_POINT('Ctrl Pts',(40.,25.5734237050888,87.427176303805));
#4540=CARTESIAN_POINT('Ctrl Pts',(40.2054226123351,25.8947300967617,87.1275864224994));
#4541=CARTESIAN_POINT('Ctrl Pts',(40.4087398525652,26.2091670998155,86.8238414891755));
#4542=CARTESIAN_POINT('Ctrl Pts',(41.4012497407049,27.7291733020942,85.3038352868969));
#4543=CARTESIAN_POINT('Ctrl Pts',(42.1974014137723,28.9003349924166,83.9648697698593));
#4544=CARTESIAN_POINT('Ctrl Pts',(42.9581203028379,29.9899999992179,82.5133271651906));
#4545=CARTESIAN_POINT('',(40.,21.7428149051589,87.4271763038049));
#4546=CARTESIAN_POINT('',(40.,41.,87.4271763038049));
#4547=CARTESIAN_POINT('',(34.2946788875476,6.99106572705474,94.2946788875476));
#4548=CARTESIAN_POINT('Ctrl Pts',(34.2946788875476,6.99106572705475,94.2946788875476));
#4549=CARTESIAN_POINT('Ctrl Pts',(34.7617235301373,9.28215361967475,93.8276342449578));
#4550=CARTESIAN_POINT('Ctrl Pts',(35.4409226466958,11.5186522250825,93.1306209949475));
#4551=CARTESIAN_POINT('Ctrl Pts',(37.0412415819964,15.769882845378,91.3312737450651));
#4552=CARTESIAN_POINT('Ctrl Pts',(37.9617420329542,17.7885825129199,90.2265584327237));
#4553=CARTESIAN_POINT('Ctrl Pts',(39.2675531292852,20.3734378001589,88.4724503671596));
#4554=CARTESIAN_POINT('Ctrl Pts',(39.6346612179102,21.0707054590115,87.9599891286368));
#4555=CARTESIAN_POINT('Ctrl Pts',(40.,21.7428149051589,87.427176303805));
#4556=CARTESIAN_POINT('',(27.4271763038049,21.742814905159,100.));
#4557=CARTESIAN_POINT('Ctrl Pts',(27.4271763038049,21.742814905159,100.));
#4558=CARTESIAN_POINT('Ctrl Pts',(27.9599891286368,21.0707054590115,99.6346612179102));
#4559=CARTESIAN_POINT('Ctrl Pts',(28.4724503671596,20.3734378001589,99.2675531292852));
#4560=CARTESIAN_POINT('Ctrl Pts',(30.2265584327237,17.78858251292,97.9617420329543));
#4561=CARTESIAN_POINT('Ctrl Pts',(31.331273745065,15.7698828453781,97.0412415819964));
#4562=CARTESIAN_POINT('Ctrl Pts',(33.1306209949475,11.5186522250825,95.4409226466959));
#4563=CARTESIAN_POINT('Ctrl Pts',(33.8276342449578,9.28215361967475,94.7617235301373));
#4564=CARTESIAN_POINT('Ctrl Pts',(34.2946788875476,6.99106572705474,94.2946788875476));
#4565=CARTESIAN_POINT('',(27.427176303805,25.5734237050888,100.));
#4566=CARTESIAN_POINT('',(27.4271763038049,41.,100.));
#4567=CARTESIAN_POINT('Ctrl Pts',(22.5133271651906,29.9899999992179,102.958120302838));
#4568=CARTESIAN_POINT('Ctrl Pts',(23.9648697698593,28.9003349924166,102.197401413772));
#4569=CARTESIAN_POINT('Ctrl Pts',(25.3038352868969,27.7291733020942,101.401249740705));
#4570=CARTESIAN_POINT('Ctrl Pts',(26.8238414891755,26.2091670998156,100.408739852565));
#4571=CARTESIAN_POINT('Ctrl Pts',(27.1275864224994,25.8947300967618,100.205422612335));
#4572=CARTESIAN_POINT('Ctrl Pts',(27.427176303805,25.5734237050888,100.));
#4573=CARTESIAN_POINT('Origin',(-73.,29.99,0.));
#4574=CARTESIAN_POINT('',(22.5133271641488,29.99,120.));
#4575=CARTESIAN_POINT('',(22.5133271641488,29.99,120.));
#4576=CARTESIAN_POINT('',(60.,29.99,120.));
#4577=CARTESIAN_POINT('',(-36.5,29.99,120.));
#4578=CARTESIAN_POINT('',(60.,29.99,82.5133271641488));
#4579=CARTESIAN_POINT('',(60.,29.99,0.));
#4580=CARTESIAN_POINT('',(60.,29.99,82.5133271641488));
#4581=CARTESIAN_POINT('',(45.75,29.99,110.));
#4582=CARTESIAN_POINT('Origin',(50.,29.99,110.));
#4583=CARTESIAN_POINT('Origin',(50.,-147.846096908265,110.));
#4584=CARTESIAN_POINT('',(45.75,-4.99756286456155E-32,110.));
#4585=CARTESIAN_POINT('',(45.75,-147.846096908265,110.));
#4586=CARTESIAN_POINT('Origin',(50.,0.,110.));
#4587=CARTESIAN_POINT('Origin',(60.,0.,60.));
#4588=CARTESIAN_POINT('',(60.,4.99300300804395E-15,97.5));
#4589=CARTESIAN_POINT('',(40.,4.99300300804395E-15,97.5));
#4590=CARTESIAN_POINT('',(60.,4.99300300804395E-15,97.5));
#4591=CARTESIAN_POINT('Origin',(40.,0.,60.));
#4592=CARTESIAN_POINT('Origin',(60.,0.,60.));
#4593=CARTESIAN_POINT('Origin',(40.,-7.89491928622334E-16,60.));
#4594=CARTESIAN_POINT('',(40.,4.75295478650337E-15,95.));
#4595=CARTESIAN_POINT('',(40.,-3.74475225603296E-15,6.50000000000001));
#4596=CARTESIAN_POINT('Origin',(40.,0.,60.));
#4597=CARTESIAN_POINT('Origin',(60.,-60.,0.));
#4598=CARTESIAN_POINT('',(60.,8.88178419700125E-15,120.));
#4599=CARTESIAN_POINT('',(60.,-4.44089209850063E-15,-23.5));
#4600=CARTESIAN_POINT('',(60.,-60.,120.));
#4601=CARTESIAN_POINT('Origin',(60.,0.,60.));
#4602=CARTESIAN_POINT('',(35.,4.75295478650338E-15,95.));
#4603=CARTESIAN_POINT('',(60.,4.75295478650337E-15,95.));
#4604=CARTESIAN_POINT('Origin',(0.,0.,60.));
#4605=CARTESIAN_POINT('Origin',(0.,0.,120.));
#4606=CARTESIAN_POINT('',(37.5,7.15343700190912E-15,120.));
#4607=CARTESIAN_POINT('',(-30.,7.15343700190912E-15,120.));
#4608=CARTESIAN_POINT('Origin',(0.,0.,120.));
#4609=CARTESIAN_POINT('Origin',(0.,0.,120.));
#4610=CARTESIAN_POINT('',(37.5,5.23305122958452E-15,100.));
#4611=CARTESIAN_POINT('',(37.5,7.15343700190912E-15,120.));
#4612=CARTESIAN_POINT('Origin',(0.,0.,100.));
#4613=CARTESIAN_POINT('Origin',(-3.54066983922288E-15,-7.89491928622334E-16,
100.));
#4614=CARTESIAN_POINT('',(35.,5.23305122958453E-15,100.));
#4615=CARTESIAN_POINT('',(-30.,5.23305122958453E-15,100.));
#4616=CARTESIAN_POINT('Origin',(0.,0.,100.));
#4617=CARTESIAN_POINT('Origin',(0.,0.,120.));
#4618=CARTESIAN_POINT('',(35.,7.15343700190912E-15,120.));
#4619=CARTESIAN_POINT('Origin',(-60.,-8.88178419700125E-15,-47.));
#4620=CARTESIAN_POINT('Origin',(-60.,-8.88178419700125E-15,-47.));
#4621=CARTESIAN_POINT('',(40.,-2.20844363817329E-15,22.5));
#4622=CARTESIAN_POINT('',(60.,-2.20844363817329E-15,22.5));
#4623=CARTESIAN_POINT('',(60.,-2.20844363817329E-15,22.5));
#4624=CARTESIAN_POINT('',(40.,-1.96839541663271E-15,25.));
#4625=CARTESIAN_POINT('',(40.,-3.74475225603296E-15,6.50000000000001));
#4626=CARTESIAN_POINT('',(35.,-1.96839541663271E-15,25.));
#4627=CARTESIAN_POINT('',(60.,-1.96839541663271E-15,25.));
#4628=CARTESIAN_POINT('',(35.,-2.44849185971386E-15,20.));
#4629=CARTESIAN_POINT('',(35.,7.15343700190912E-15,120.));
#4630=CARTESIAN_POINT('',(37.5,-2.44849185971386E-15,20.));
#4631=CARTESIAN_POINT('',(-30.,-2.44849185971386E-15,20.));
#4632=CARTESIAN_POINT('',(37.5,-4.36887763203845E-15,0.));
#4633=CARTESIAN_POINT('',(37.5,-4.36887763203845E-15,0.));
#4634=CARTESIAN_POINT('',(60.,0.,0.));
#4635=CARTESIAN_POINT('',(-30.,-4.36887763203845E-15,0.));
#4636=CARTESIAN_POINT('',(60.,-4.44089209850063E-15,-23.5));
#4637=CARTESIAN_POINT('',(45.75,-4.99756286456155E-32,10.));
#4638=CARTESIAN_POINT('Origin',(50.,0.,10.));
#4639=CARTESIAN_POINT('Origin',(3.54066983922288E-15,-7.89491928622334E-16,
20.));
#4640=CARTESIAN_POINT('',(27.427176303805,21.7428149051589,20.));
#4641=CARTESIAN_POINT('Origin',(0.,0.,20.));
#4642=CARTESIAN_POINT('',(27.427176303805,25.5734237050888,20.));
#4643=CARTESIAN_POINT('',(27.427176303805,41.,20.));
#4644=CARTESIAN_POINT('Origin',(0.,0.,20.));
#4645=CARTESIAN_POINT('Origin',(0.,0.,0.));
#4646=CARTESIAN_POINT('',(22.5133271653792,29.9899999995382,17.041879697261));
#4647=CARTESIAN_POINT('Ctrl Pts',(27.427176303805,25.5734237050888,20.));
#4648=CARTESIAN_POINT('Ctrl Pts',(27.1275864224994,25.8947300967617,19.7945773876649));
#4649=CARTESIAN_POINT('Ctrl Pts',(26.8238414891755,26.2091670998155,19.5912601474348));
#4650=CARTESIAN_POINT('Ctrl Pts',(25.3038352868969,27.7291733020942,18.5987502592951));
#4651=CARTESIAN_POINT('Ctrl Pts',(23.9648697698593,28.9003349924166,17.8025985862277));
#4652=CARTESIAN_POINT('Ctrl Pts',(22.5133271651906,29.989999999218,17.0418796971621));
#4653=CARTESIAN_POINT('',(22.5133271641488,29.99,0.));
#4654=CARTESIAN_POINT('',(22.5133271641488,29.99,0.));
#4655=CARTESIAN_POINT('Origin',(0.,0.,0.));
#4656=CARTESIAN_POINT('Origin',(0.,0.,120.));
#4657=CARTESIAN_POINT('',(34.2946788875476,6.99106572705474,25.7053211124524));
#4658=CARTESIAN_POINT('Origin',(0.,0.,60.));
#4659=CARTESIAN_POINT('Ctrl Pts',(34.2946788875476,6.99106572705475,25.7053211124525));
#4660=CARTESIAN_POINT('Ctrl Pts',(33.8276342449578,9.28215361967475,25.2382764698627));
#4661=CARTESIAN_POINT('Ctrl Pts',(33.1306209949475,11.5186522250825,24.5590773533042));
#4662=CARTESIAN_POINT('Ctrl Pts',(31.331273745065,15.7698828453781,22.9587584180036));
#4663=CARTESIAN_POINT('Ctrl Pts',(30.2265584327237,17.78858251292,22.0382579670457));
#4664=CARTESIAN_POINT('Ctrl Pts',(28.4724503671596,20.3734378001589,20.7324468707148));
#4665=CARTESIAN_POINT('Ctrl Pts',(27.9599891286368,21.0707054590115,20.3653387820898));
#4666=CARTESIAN_POINT('Ctrl Pts',(27.427176303805,21.7428149051589,20.));
#4667=CARTESIAN_POINT('Origin',(0.,0.,0.));
#4668=CARTESIAN_POINT('',(60.,29.99,0.));
#4669=CARTESIAN_POINT('',(-36.5,29.99,0.));
#4670=CARTESIAN_POINT('',(60.,-60.,0.));
#4671=CARTESIAN_POINT('Origin',(60.,0.,60.));
#4672=CARTESIAN_POINT('',(40.,21.7428149051589,32.5728236961951));
#4673=CARTESIAN_POINT('Origin',(40.,0.,60.));
#4674=CARTESIAN_POINT('Ctrl Pts',(40.,21.7428149051589,32.5728236961951));
#4675=CARTESIAN_POINT('Ctrl Pts',(39.6346612179102,21.0707054590115,32.0400108713632));
#4676=CARTESIAN_POINT('Ctrl Pts',(39.2675531292852,20.3734378001589,31.5275496328404));
#4677=CARTESIAN_POINT('Ctrl Pts',(37.9617420329543,17.78858251292,29.7734415672764));
#4678=CARTESIAN_POINT('Ctrl Pts',(37.0412415819964,15.7698828453781,28.668726254935));
#4679=CARTESIAN_POINT('Ctrl Pts',(35.4409226466958,11.5186522250825,26.8693790050525));
#4680=CARTESIAN_POINT('Ctrl Pts',(34.7617235301373,9.28215361967477,26.1723657550422));
#4681=CARTESIAN_POINT('Ctrl Pts',(34.2946788875476,6.99106572705474,25.7053211124524));
#4682=CARTESIAN_POINT('Origin',(60.,-60.,0.));
#4683=CARTESIAN_POINT('',(60.,29.99,37.4866728358512));
#4684=CARTESIAN_POINT('',(60.,29.99,0.));
#4685=CARTESIAN_POINT('Origin',(60.,0.,60.));
#4686=CARTESIAN_POINT('Origin',(40.,-7.89491928622334E-16,60.));
#4687=CARTESIAN_POINT('',(40.,25.5734237050888,32.572823696195));
#4688=CARTESIAN_POINT('Origin',(40.,0.,60.));
#4689=CARTESIAN_POINT('',(40.,41.,32.5728236961951));
#4690=CARTESIAN_POINT('Origin',(60.,0.,60.));
#4691=CARTESIAN_POINT('',(42.958120302739,29.9899999995382,37.4866728346208));
#4692=CARTESIAN_POINT('',(60.,29.99,37.4866728358512));
#4693=CARTESIAN_POINT('Ctrl Pts',(42.9581203028379,29.9899999992179,37.4866728348094));
#4694=CARTESIAN_POINT('Ctrl Pts',(42.1974014137723,28.9003349924166,36.0351302301407));
#4695=CARTESIAN_POINT('Ctrl Pts',(41.4012497407049,27.7291733020942,34.6961647131031));
#4696=CARTESIAN_POINT('Ctrl Pts',(40.4087398525652,26.2091670998156,33.1761585108245));
#4697=CARTESIAN_POINT('Ctrl Pts',(40.2054226123351,25.8947300967618,32.8724135775006));
#4698=CARTESIAN_POINT('Ctrl Pts',(40.,25.5734237050888,32.572823696195));
#4699=CARTESIAN_POINT('Origin',(50.,-147.846096908265,10.));
#4700=CARTESIAN_POINT('',(45.75,29.99,10.));
#4701=CARTESIAN_POINT('Origin',(50.,29.99,10.));
#4702=CARTESIAN_POINT('',(45.75,-147.846096908265,10.));
#4703=CARTESIAN_POINT('Origin',(-73.,29.99,0.));
#4704=CARTESIAN_POINT('Origin',(0.,29.99,60.));
#4705=CARTESIAN_POINT('Origin',(0.,41.,60.));
#4706=CARTESIAN_POINT('Origin',(0.,41.,60.));
#4707=CARTESIAN_POINT('',(-42.958120302739,29.9899999995382,82.5133271653792));
#4708=CARTESIAN_POINT('',(-22.5133271653792,29.9899999995382,102.958120302739));
#4709=CARTESIAN_POINT('Origin',(0.,29.99,60.));
#4710=CARTESIAN_POINT('',(-27.427176303805,25.5734237050888,100.));
#4711=CARTESIAN_POINT('Ctrl Pts',(-27.427176303805,25.5734237050888,100.));
#4712=CARTESIAN_POINT('Ctrl Pts',(-27.1275864224994,25.8947300967617,100.205422612335));
#4713=CARTESIAN_POINT('Ctrl Pts',(-26.8238414891755,26.2091670998155,100.408739852565));
#4714=CARTESIAN_POINT('Ctrl Pts',(-25.3038352868969,27.7291733020942,101.401249740705));
#4715=CARTESIAN_POINT('Ctrl Pts',(-23.9648697698593,28.9003349924166,102.197401413772));
#4716=CARTESIAN_POINT('Ctrl Pts',(-22.5133271651906,29.989999999218,102.958120302838));
#4717=CARTESIAN_POINT('',(-27.4271763038049,21.742814905159,100.));
#4718=CARTESIAN_POINT('',(-27.4271763038049,41.,100.));
#4719=CARTESIAN_POINT('',(-34.2946788875476,6.99106572705474,94.2946788875476));
#4720=CARTESIAN_POINT('Ctrl Pts',(-34.2946788875476,6.99106572705475,94.2946788875475));
#4721=CARTESIAN_POINT('Ctrl Pts',(-33.8276342449578,9.28215361967475,94.7617235301373));
#4722=CARTESIAN_POINT('Ctrl Pts',(-33.1306209949475,11.5186522250825,95.4409226466958));
#4723=CARTESIAN_POINT('Ctrl Pts',(-31.331273745065,15.7698828453781,97.0412415819964));
#4724=CARTESIAN_POINT('Ctrl Pts',(-30.2265584327237,17.7885825129199,97.9617420329542));
#4725=CARTESIAN_POINT('Ctrl Pts',(-28.4724503671596,20.3734378001589,99.2675531292852));
#4726=CARTESIAN_POINT('Ctrl Pts',(-27.9599891286368,21.0707054590115,99.6346612179102));
#4727=CARTESIAN_POINT('Ctrl Pts',(-27.4271763038049,21.742814905159,100.));
#4728=CARTESIAN_POINT('',(-40.,21.7428149051589,87.4271763038049));
#4729=CARTESIAN_POINT('Ctrl Pts',(-40.,21.7428149051589,87.4271763038049));
#4730=CARTESIAN_POINT('Ctrl Pts',(-39.6346612179102,21.0707054590115,87.9599891286368));
#4731=CARTESIAN_POINT('Ctrl Pts',(-39.2675531292852,20.3734378001589,88.4724503671596));
#4732=CARTESIAN_POINT('Ctrl Pts',(-37.9617420329543,17.78858251292,90.2265584327237));
#4733=CARTESIAN_POINT('Ctrl Pts',(-37.0412415819964,15.7698828453781,91.3312737450651));
#4734=CARTESIAN_POINT('Ctrl Pts',(-35.4409226466959,11.5186522250825,93.1306209949475));
#4735=CARTESIAN_POINT('Ctrl Pts',(-34.7617235301373,9.28215361967475,93.8276342449578));
#4736=CARTESIAN_POINT('Ctrl Pts',(-34.2946788875476,6.99106572705474,94.2946788875476));
#4737=CARTESIAN_POINT('',(-40.,25.5734237050888,87.427176303805));
#4738=CARTESIAN_POINT('',(-40.,41.,87.4271763038049));
#4739=CARTESIAN_POINT('Ctrl Pts',(-42.9581203028379,29.989999999218,82.5133271651906));
#4740=CARTESIAN_POINT('Ctrl Pts',(-42.1974014137723,28.9003349924166,83.9648697698593));
#4741=CARTESIAN_POINT('Ctrl Pts',(-41.4012497407049,27.7291733020942,85.3038352868968));
#4742=CARTESIAN_POINT('Ctrl Pts',(-40.4087398525652,26.2091670998155,86.8238414891755));
#4743=CARTESIAN_POINT('Ctrl Pts',(-40.2054226123351,25.8947300967618,87.1275864224993));
#4744=CARTESIAN_POINT('Ctrl Pts',(-40.,25.5734237050888,87.427176303805));
#4745=CARTESIAN_POINT('Origin',(-73.,29.99,0.));
#4746=CARTESIAN_POINT('',(-60.,29.99,82.5133271641488));
#4747=CARTESIAN_POINT('',(-60.,29.99,82.5133271641488));
#4748=CARTESIAN_POINT('',(-60.,29.99,120.));
#4749=CARTESIAN_POINT('',(-60.,29.99,0.));
#4750=CARTESIAN_POINT('',(-22.5133271641488,29.99,120.));
#4751=CARTESIAN_POINT('',(-36.5,29.99,120.));
#4752=CARTESIAN_POINT('',(-22.5133271641488,29.99,120.));
#4753=CARTESIAN_POINT('',(-54.25,29.99,110.));
#4754=CARTESIAN_POINT('Origin',(-50.,29.99,110.));
#4755=CARTESIAN_POINT('Origin',(-50.,-147.846096908265,110.));
#4756=CARTESIAN_POINT('',(-54.25,-4.99756286456155E-32,110.));
#4757=CARTESIAN_POINT('',(-54.25,-147.846096908265,110.));
#4758=CARTESIAN_POINT('Origin',(-50.,0.,110.));
#4759=CARTESIAN_POINT('Origin',(0.,0.,120.));
#4760=CARTESIAN_POINT('',(-60.,8.88178419700125E-15,120.));
#4761=CARTESIAN_POINT('',(-37.5,7.15343700190912E-15,120.));
#4762=CARTESIAN_POINT('',(-30.,7.15343700190912E-15,120.));
#4763=CARTESIAN_POINT('Origin',(0.,0.,120.));
#4764=CARTESIAN_POINT('',(-60.,60.,120.));
#4765=CARTESIAN_POINT('Origin',(0.,0.,120.));
#4766=CARTESIAN_POINT('',(-37.5,5.23305122958452E-15,100.));
#4767=CARTESIAN_POINT('',(-37.5,7.15343700190912E-15,120.));
#4768=CARTESIAN_POINT('Origin',(0.,0.,100.));
#4769=CARTESIAN_POINT('Origin',(-3.54066983922288E-15,-7.89491928622334E-16,
100.));
#4770=CARTESIAN_POINT('',(-35.,5.23305122958453E-15,100.));
#4771=CARTESIAN_POINT('',(-30.,5.23305122958453E-15,100.));
#4772=CARTESIAN_POINT('Origin',(0.,0.,100.));
#4773=CARTESIAN_POINT('Origin',(0.,0.,120.));
#4774=CARTESIAN_POINT('',(-35.,4.75295478650338E-15,95.));
#4775=CARTESIAN_POINT('',(-35.,7.15343700190912E-15,120.));
#4776=CARTESIAN_POINT('Origin',(0.,0.,60.));
#4777=CARTESIAN_POINT('Origin',(-60.,60.,0.));
#4778=CARTESIAN_POINT('',(-60.,4.99300300804395E-15,97.5));
#4779=CARTESIAN_POINT('',(-60.,-4.44089209850063E-15,-23.5));
#4780=CARTESIAN_POINT('Origin',(-60.,0.,60.));
#4781=CARTESIAN_POINT('Origin',(-60.,0.,60.));
#4782=CARTESIAN_POINT('',(-40.,4.99300300804395E-15,97.5));
#4783=CARTESIAN_POINT('',(-60.,4.99300300804395E-15,97.5));
#4784=CARTESIAN_POINT('Origin',(-40.,0.,60.));
#4785=CARTESIAN_POINT('Origin',(-40.,-7.89491928622334E-16,60.));
#4786=CARTESIAN_POINT('',(-40.,4.75295478650337E-15,95.));
#4787=CARTESIAN_POINT('',(-40.,-3.74475225603296E-15,6.50000000000001));
#4788=CARTESIAN_POINT('Origin',(-40.,0.,60.));
#4789=CARTESIAN_POINT('Origin',(60.,0.,60.));
#4790=CARTESIAN_POINT('',(60.,4.75295478650337E-15,95.));
#4791=CARTESIAN_POINT('Origin',(-60.,-8.88178419700125E-15,-47.));
#4792=CARTESIAN_POINT('Origin',(60.,60.,0.));
#4793=CARTESIAN_POINT('',(60.,60.,0.));
#4794=CARTESIAN_POINT('',(-60.,60.,0.));
#4795=CARTESIAN_POINT('',(60.,60.,0.));
#4796=CARTESIAN_POINT('',(-60.,60.,120.));
#4797=CARTESIAN_POINT('',(-60.,60.,0.));
#4798=CARTESIAN_POINT('',(60.,60.,120.));
#4799=CARTESIAN_POINT('',(60.,60.,120.));
#4800=CARTESIAN_POINT('',(60.,60.,0.));
#4801=CARTESIAN_POINT('',(57.5,60.,110.));
#4802=CARTESIAN_POINT('',(42.5,60.,110.));
#4803=CARTESIAN_POINT('Origin',(50.,60.,110.));
#4804=CARTESIAN_POINT('Origin',(50.,60.,110.));
#4805=CARTESIAN_POINT('',(-42.5,60.,110.));
#4806=CARTESIAN_POINT('',(-57.5,60.,110.));
#4807=CARTESIAN_POINT('Origin',(-50.,60.,110.));
#4808=CARTESIAN_POINT('Origin',(-50.,60.,110.));
#4809=CARTESIAN_POINT('',(-42.5,60.,10.));
#4810=CARTESIAN_POINT('',(-57.5,60.,10.));
#4811=CARTESIAN_POINT('Origin',(-50.,60.,10.));
#4812=CARTESIAN_POINT('Origin',(-50.,60.,10.));
#4813=CARTESIAN_POINT('',(57.5,60.,10.));
#4814=CARTESIAN_POINT('',(42.5,60.,10.));
#4815=CARTESIAN_POINT('Origin',(50.,60.,10.));
#4816=CARTESIAN_POINT('Origin',(50.,60.,10.));
#4817=CARTESIAN_POINT('',(51.,60.,60.));
#4818=CARTESIAN_POINT('Origin',(0.,60.,60.));
#4819=CARTESIAN_POINT('Origin',(-2.84250997382096E-15,41.,60.));
#4820=CARTESIAN_POINT('',(51.,41.,60.));
#4821=CARTESIAN_POINT('Origin',(0.,41.,60.));
#4822=CARTESIAN_POINT('',(48.5,41.,60.));
#4823=CARTESIAN_POINT('Origin',(0.,41.,60.));
#4824=CARTESIAN_POINT('Origin',(0.,60.,60.));
#4825=CARTESIAN_POINT('',(51.,60.,60.));
#4826=CARTESIAN_POINT('Origin',(50.,55.,10.));
#4827=CARTESIAN_POINT('',(42.5,50.,10.));
#4828=CARTESIAN_POINT('',(42.5,55.,10.));
#4829=CARTESIAN_POINT('',(57.5,50.,10.));
#4830=CARTESIAN_POINT('Origin',(50.,50.,10.));
#4831=CARTESIAN_POINT('Origin',(50.,50.,10.));
#4832=CARTESIAN_POINT('Origin',(50.,50.,10.));
#4833=CARTESIAN_POINT('',(45.75,50.,10.));
#4834=CARTESIAN_POINT('Origin',(50.,50.,10.));
#4835=CARTESIAN_POINT('Origin',(-50.,55.,10.));
#4836=CARTESIAN_POINT('',(-57.5,50.,10.));
#4837=CARTESIAN_POINT('',(-57.5,55.,10.));
#4838=CARTESIAN_POINT('',(-42.5,50.,10.));
#4839=CARTESIAN_POINT('Origin',(-50.,50.,10.));
#4840=CARTESIAN_POINT('Origin',(-50.,50.,10.));
#4841=CARTESIAN_POINT('Origin',(-50.,50.,10.));
#4842=CARTESIAN_POINT('',(-54.25,50.,10.));
#4843=CARTESIAN_POINT('Origin',(-50.,50.,10.));
#4844=CARTESIAN_POINT('Origin',(-50.,55.,110.));
#4845=CARTESIAN_POINT('',(-57.5,50.,110.));
#4846=CARTESIAN_POINT('',(-57.5,55.,110.));
#4847=CARTESIAN_POINT('',(-42.5,50.,110.));
#4848=CARTESIAN_POINT('Origin',(-50.,50.,110.));
#4849=CARTESIAN_POINT('Origin',(-50.,50.,110.));
#4850=CARTESIAN_POINT('Origin',(-50.,50.,110.));
#4851=CARTESIAN_POINT('',(-54.25,50.,110.));
#4852=CARTESIAN_POINT('Origin',(-50.,50.,110.));
#4853=CARTESIAN_POINT('Origin',(50.,55.,110.));
#4854=CARTESIAN_POINT('',(42.5,50.,110.));
#4855=CARTESIAN_POINT('',(42.5,55.,110.));
#4856=CARTESIAN_POINT('',(57.5,50.,110.));
#4857=CARTESIAN_POINT('Origin',(50.,50.,110.));
#4858=CARTESIAN_POINT('Origin',(50.,50.,110.));
#4859=CARTESIAN_POINT('Origin',(50.,50.,110.));
#4860=CARTESIAN_POINT('',(45.75,50.,110.));
#4861=CARTESIAN_POINT('Origin',(50.,50.,110.));
#4862=CARTESIAN_POINT('Origin',(50.,-147.846096908265,10.));
#4863=CARTESIAN_POINT('',(45.75,30.,10.));
#4864=CARTESIAN_POINT('',(45.75,-147.846096908265,10.));
#4865=CARTESIAN_POINT('Origin',(50.,30.,10.));
#4866=CARTESIAN_POINT('Origin',(-50.,-147.846096908265,10.));
#4867=CARTESIAN_POINT('',(-54.25,30.,10.));
#4868=CARTESIAN_POINT('',(-54.25,-147.846096908265,10.));
#4869=CARTESIAN_POINT('Origin',(-50.,30.,10.));
#4870=CARTESIAN_POINT('Origin',(-50.,-147.846096908265,110.));
#4871=CARTESIAN_POINT('',(-54.25,30.,110.));
#4872=CARTESIAN_POINT('',(-54.25,-147.846096908265,110.));
#4873=CARTESIAN_POINT('Origin',(-50.,30.,110.));
#4874=CARTESIAN_POINT('Origin',(50.,-147.846096908265,110.));
#4875=CARTESIAN_POINT('',(45.75,30.,110.));
#4876=CARTESIAN_POINT('',(45.75,-147.846096908265,110.));
#4877=CARTESIAN_POINT('Origin',(50.,30.,110.));
#4878=CARTESIAN_POINT('Origin',(0.,41.,60.));
#4879=CARTESIAN_POINT('',(48.5,37.5,60.));
#4880=CARTESIAN_POINT('',(48.5,41.,60.));
#4881=CARTESIAN_POINT('',(42.9651021172525,29.9999999995495,82.5000000012014));
#4882=CARTESIAN_POINT('Ctrl Pts',(42.9651021172525,29.9999999990989,82.5000000012014));
#4883=CARTESIAN_POINT('Ctrl Pts',(43.1981035444431,30.3336976695327,82.0550697739936));
#4884=CARTESIAN_POINT('Ctrl Pts',(43.4277916030267,30.6597966307416,81.5996357208685));
#4885=CARTESIAN_POINT('Ctrl Pts',(44.6160667846204,32.3343096328427,79.1452362121488));
#4886=CARTESIAN_POINT('Ctrl Pts',(45.4973330846943,33.5325215064619,76.9721961119882));
#4887=CARTESIAN_POINT('Ctrl Pts',(46.9562670820877,35.4868104506012,72.3762589785422));
#4888=CARTESIAN_POINT('Ctrl Pts',(47.534862795944,36.2445523714422,69.9481023648833));
#4889=CARTESIAN_POINT('Ctrl Pts',(48.3069364313675,37.251369142124,64.9967804005224));
#4890=CARTESIAN_POINT('Ctrl Pts',(48.5,37.5,62.473460175761));
#4891=CARTESIAN_POINT('Ctrl Pts',(48.5,37.5,60.));
#4892=CARTESIAN_POINT('',(22.5000000012014,29.9999999995495,102.965102117253));
#4893=CARTESIAN_POINT('Origin',(0.,30.,60.));
#4894=CARTESIAN_POINT('',(-22.5000000012014,29.9999999995495,102.965102117252));
#4895=CARTESIAN_POINT('Ctrl Pts',(-22.5000000012014,29.9999999990989,102.965102117253));
#4896=CARTESIAN_POINT('Ctrl Pts',(-22.0550697739936,30.3336976695327,103.198103544443));
#4897=CARTESIAN_POINT('Ctrl Pts',(-21.5996357208685,30.6597966307416,103.427791603027));
#4898=CARTESIAN_POINT('Ctrl Pts',(-19.1452362121488,32.3343096328427,104.61606678462));
#4899=CARTESIAN_POINT('Ctrl Pts',(-16.9721961119883,33.5325215064619,105.497333084694));
#4900=CARTESIAN_POINT('Ctrl Pts',(-12.3762589785422,35.4868104506012,106.956267082088));
#4901=CARTESIAN_POINT('Ctrl Pts',(-9.94810236488329,36.2445523714422,107.534862795944));
#4902=CARTESIAN_POINT('Ctrl Pts',(-4.99678040052237,37.251369142124,108.306936431367));
#4903=CARTESIAN_POINT('Ctrl Pts',(-2.473460175761,37.5,108.5));
#4904=CARTESIAN_POINT('Ctrl Pts',(2.47346017576098,37.5,108.5));
#4905=CARTESIAN_POINT('Ctrl Pts',(4.99678040052235,37.251369142124,108.306936431367));
#4906=CARTESIAN_POINT('Ctrl Pts',(9.94810236488326,36.2445523714422,107.534862795944));
#4907=CARTESIAN_POINT('Ctrl Pts',(12.3762589785422,35.4868104506012,106.956267082088));
#4908=CARTESIAN_POINT('Ctrl Pts',(16.9721961119882,33.5325215064619,105.497333084694));
#4909=CARTESIAN_POINT('Ctrl Pts',(19.1452362121487,32.3343096328427,104.61606678462));
#4910=CARTESIAN_POINT('Ctrl Pts',(21.5996357208685,30.6597966307416,103.427791603027));
#4911=CARTESIAN_POINT('Ctrl Pts',(22.0550697739936,30.3336976695327,103.198103544443));
#4912=CARTESIAN_POINT('Ctrl Pts',(22.5000000012014,29.9999999990989,102.965102117253));
#4913=CARTESIAN_POINT('',(-42.9651021172525,29.9999999995495,82.5000000012014));
#4914=CARTESIAN_POINT('Origin',(0.,30.,60.));
#4915=CARTESIAN_POINT('',(-42.9651021172525,29.9999999995495,37.4999999987986));
#4916=CARTESIAN_POINT('Ctrl Pts',(-42.9651021172525,29.999999999099,37.4999999987986));
#4917=CARTESIAN_POINT('Ctrl Pts',(-43.1981035444431,30.3336976695327,37.9449302260064));
#4918=CARTESIAN_POINT('Ctrl Pts',(-43.4277916030267,30.6597966307416,38.4003642791315));
#4919=CARTESIAN_POINT('Ctrl Pts',(-44.6160667846204,32.3343096328427,40.8547637878512));
#4920=CARTESIAN_POINT('Ctrl Pts',(-45.4973330846943,33.5325215064619,43.0278038880117));
#4921=CARTESIAN_POINT('Ctrl Pts',(-46.9562670820877,35.4868104506012,47.6237410214578));
#4922=CARTESIAN_POINT('Ctrl Pts',(-47.534862795944,36.2445523714422,50.0518976351167));
#4923=CARTESIAN_POINT('Ctrl Pts',(-48.3069364313675,37.251369142124,55.0032195994776));
#4924=CARTESIAN_POINT('Ctrl Pts',(-48.5,37.5,57.526539824239));
#4925=CARTESIAN_POINT('Ctrl Pts',(-48.5,37.5,62.473460175761));
#4926=CARTESIAN_POINT('Ctrl Pts',(-48.3069364313675,37.251369142124,64.9967804005223));
#4927=CARTESIAN_POINT('Ctrl Pts',(-47.534862795944,36.2445523714422,69.9481023648832));
#4928=CARTESIAN_POINT('Ctrl Pts',(-46.9562670820877,35.4868104506012,72.3762589785422));
#4929=CARTESIAN_POINT('Ctrl Pts',(-45.4973330846943,33.5325215064619,76.9721961119882));
#4930=CARTESIAN_POINT('Ctrl Pts',(-44.6160667846204,32.3343096328427,79.1452362121488));
#4931=CARTESIAN_POINT('Ctrl Pts',(-43.4277916030267,30.6597966307416,81.5996357208685));
#4932=CARTESIAN_POINT('Ctrl Pts',(-43.1981035444431,30.3336976695327,82.0550697739936));
#4933=CARTESIAN_POINT('Ctrl Pts',(-42.9651021172525,29.999999999099,82.5000000012014));
#4934=CARTESIAN_POINT('',(-22.5000000012014,29.9999999995495,17.0348978827475));
#4935=CARTESIAN_POINT('Origin',(0.,30.,60.));
#4936=CARTESIAN_POINT('',(22.5000000012014,29.9999999995495,17.0348978827475));
#4937=CARTESIAN_POINT('Ctrl Pts',(22.5000000012014,29.9999999990989,17.0348978827475));
#4938=CARTESIAN_POINT('Ctrl Pts',(22.0550697739936,30.3336976695327,16.8018964555569));
#4939=CARTESIAN_POINT('Ctrl Pts',(21.5996357208685,30.6597966307416,16.5722083969733));
#4940=CARTESIAN_POINT('Ctrl Pts',(19.1452362121488,32.3343096328427,15.3839332153796));
#4941=CARTESIAN_POINT('Ctrl Pts',(16.9721961119883,33.5325215064619,14.5026669153057));
#4942=CARTESIAN_POINT('Ctrl Pts',(12.3762589785422,35.4868104506012,13.0437329179122));
#4943=CARTESIAN_POINT('Ctrl Pts',(9.94810236488329,36.2445523714422,12.465137204056));
#4944=CARTESIAN_POINT('Ctrl Pts',(4.99678040052238,37.251369142124,11.6930635686325));
#4945=CARTESIAN_POINT('Ctrl Pts',(2.473460175761,37.5,11.5));
#4946=CARTESIAN_POINT('Ctrl Pts',(-2.47346017576098,37.5,11.5));
#4947=CARTESIAN_POINT('Ctrl Pts',(-4.99678040052235,37.251369142124,11.6930635686325));
#4948=CARTESIAN_POINT('Ctrl Pts',(-9.94810236488326,36.2445523714422,12.465137204056));
#4949=CARTESIAN_POINT('Ctrl Pts',(-12.3762589785422,35.4868104506012,13.0437329179122));
#4950=CARTESIAN_POINT('Ctrl Pts',(-16.9721961119882,33.5325215064619,14.5026669153056));
#4951=CARTESIAN_POINT('Ctrl Pts',(-19.1452362121487,32.3343096328427,15.3839332153796));
#4952=CARTESIAN_POINT('Ctrl Pts',(-21.5996357208685,30.6597966307416,16.5722083969733));
#4953=CARTESIAN_POINT('Ctrl Pts',(-22.0550697739936,30.3336976695327,16.8018964555568));
#4954=CARTESIAN_POINT('Ctrl Pts',(-22.5000000012014,29.9999999990989,17.0348978827475));
#4955=CARTESIAN_POINT('',(42.9651021172525,29.9999999995495,37.4999999987986));
#4956=CARTESIAN_POINT('Origin',(0.,30.,60.));
#4957=CARTESIAN_POINT('Ctrl Pts',(48.5,37.5,60.));
#4958=CARTESIAN_POINT('Ctrl Pts',(48.5,37.5,57.526539824239));
#4959=CARTESIAN_POINT('Ctrl Pts',(48.3069364313675,37.251369142124,55.0032195994777));
#4960=CARTESIAN_POINT('Ctrl Pts',(47.534862795944,36.2445523714422,50.0518976351167));
#4961=CARTESIAN_POINT('Ctrl Pts',(46.9562670820878,35.4868104506012,47.6237410214578));
#4962=CARTESIAN_POINT('Ctrl Pts',(45.4973330846944,33.5325215064619,43.0278038880118));
#4963=CARTESIAN_POINT('Ctrl Pts',(44.6160667846204,32.3343096328427,40.8547637878512));
#4964=CARTESIAN_POINT('Ctrl Pts',(43.4277916030267,30.6597966307416,38.4003642791315));
#4965=CARTESIAN_POINT('Ctrl Pts',(43.1981035444431,30.3336976695327,37.9449302260064));
#4966=CARTESIAN_POINT('Ctrl Pts',(42.9651021172525,29.9999999990989,37.4999999987986));
#4967=CARTESIAN_POINT('Origin',(0.,0.,0.));
#4968=CARTESIAN_POINT('',(-22.5,30.,0.));
#4969=CARTESIAN_POINT('',(-22.5,30.,0.));
#4970=CARTESIAN_POINT('',(22.5,30.,0.));
#4971=CARTESIAN_POINT('Origin',(0.,0.,0.));
#4972=CARTESIAN_POINT('',(22.5,30.,0.));
#4973=CARTESIAN_POINT('Origin',(60.,0.,60.));
#4974=CARTESIAN_POINT('',(60.,30.,82.5));
#4975=CARTESIAN_POINT('',(60.,30.,82.5));
#4976=CARTESIAN_POINT('',(60.,30.,37.5));
#4977=CARTESIAN_POINT('',(60.,30.,37.5));
#4978=CARTESIAN_POINT('Origin',(60.,0.,60.));
#4979=CARTESIAN_POINT('Origin',(60.,-60.,0.));
#4980=CARTESIAN_POINT('',(60.,30.,120.));
#4981=CARTESIAN_POINT('',(60.,30.,0.));
#4982=CARTESIAN_POINT('',(60.,30.,0.));
#4983=CARTESIAN_POINT('',(60.,30.,0.));
#4984=CARTESIAN_POINT('',(60.,-60.,0.));
#4985=CARTESIAN_POINT('',(60.,-60.,120.));
#4986=CARTESIAN_POINT('Origin',(0.,0.,0.));
#4987=CARTESIAN_POINT('',(-60.,30.,0.));
#4988=CARTESIAN_POINT('',(45.,30.,0.));
#4989=CARTESIAN_POINT('',(-60.,60.,0.));
#4990=CARTESIAN_POINT('',(45.,30.,0.));
#4991=CARTESIAN_POINT('Origin',(-60.,0.,60.));
#4992=CARTESIAN_POINT('',(-60.,30.,82.5));
#4993=CARTESIAN_POINT('',(-60.,30.,82.5));
#4994=CARTESIAN_POINT('',(-60.,30.,37.5));
#4995=CARTESIAN_POINT('Origin',(-60.,0.,60.));
#4996=CARTESIAN_POINT('',(-60.,30.,37.5));
#4997=CARTESIAN_POINT('Origin',(-60.,60.,0.));
#4998=CARTESIAN_POINT('',(-60.,30.,120.));
#4999=CARTESIAN_POINT('',(-60.,30.,0.));
#5000=CARTESIAN_POINT('',(-60.,60.,120.));
#5001=CARTESIAN_POINT('',(-60.,30.,0.));
#5002=CARTESIAN_POINT('Origin',(0.,0.,120.));
#5003=CARTESIAN_POINT('',(22.5,30.,120.));
#5004=CARTESIAN_POINT('',(22.5,30.,120.));
#5005=CARTESIAN_POINT('',(-22.5,30.,120.));
#5006=CARTESIAN_POINT('Origin',(0.,0.,120.));
#5007=CARTESIAN_POINT('',(-22.5,30.,120.));
#5008=CARTESIAN_POINT('Origin',(0.,0.,120.));
#5009=CARTESIAN_POINT('',(45.,30.,120.));
#5010=CARTESIAN_POINT('',(45.,30.,120.));
#5011=CARTESIAN_POINT('Origin',(90.,30.,0.));
#5012=CARTESIAN_POINT('Origin',(90.,30.,0.));
#5013=CARTESIAN_POINT('Origin',(90.,30.,0.));
#5014=CARTESIAN_POINT('Origin',(90.,30.,0.));
#5015=UNCERTAINTY_MEASURE_WITH_UNIT(LENGTH_MEASURE(0.01),#5019,
'DISTANCE_ACCURACY_VALUE',
'Maximum model space distance between geometric entities at asserted c
onnectivities');
#5016=UNCERTAINTY_MEASURE_WITH_UNIT(LENGTH_MEASURE(0.01),#5019,
'DISTANCE_ACCURACY_VALUE',
'Maximum model space distance between geometric entities at asserted c
onnectivities');
#5017=(
GEOMETRIC_REPRESENTATION_CONTEXT(3)
GLOBAL_UNCERTAINTY_ASSIGNED_CONTEXT((#5015))
GLOBAL_UNIT_ASSIGNED_CONTEXT((#5019,#5021,#5022))
REPRESENTATION_CONTEXT('','3D')
);
#5018=(
GEOMETRIC_REPRESENTATION_CONTEXT(3)
GLOBAL_UNCERTAINTY_ASSIGNED_CONTEXT((#5016))
GLOBAL_UNIT_ASSIGNED_CONTEXT((#5019,#5021,#5022))
REPRESENTATION_CONTEXT('','3D')
);
#5019=(
LENGTH_UNIT()
NAMED_UNIT(*)
SI_UNIT(.MILLI.,.METRE.)
);
#5020=(
LENGTH_UNIT()
NAMED_UNIT(*)
SI_UNIT(.CENTI.,.METRE.)
);
#5021=(
NAMED_UNIT(*)
PLANE_ANGLE_UNIT()
SI_UNIT($,.RADIAN.)
);
#5022=(
NAMED_UNIT(*)
SI_UNIT($,.STERADIAN.)
SOLID_ANGLE_UNIT()
);
#5023=SHAPE_DEFINITION_REPRESENTATION(#5024,#5025);
#5024=PRODUCT_DEFINITION_SHAPE('',$,#5027);
#5025=SHAPE_REPRESENTATION('',(#2901),#5017);
#5026=PRODUCT_DEFINITION_CONTEXT('part definition',#5031,'design');
#5027=PRODUCT_DEFINITION('Block','block',#5028,#5026);
#5028=PRODUCT_DEFINITION_FORMATION('',$,#5033);
#5029=PRODUCT_RELATED_PRODUCT_CATEGORY('block','block',(#5033));
#5030=APPLICATION_PROTOCOL_DEFINITION('international standard',
'automotive_design',2009,#5031);
#5031=APPLICATION_CONTEXT(
'Core Data for Automotive Mechanical Design Process');
#5032=PRODUCT_CONTEXT('part definition',#5031,'mechanical');
#5033=PRODUCT('Block','block',$,(#5032));
#5034=PRESENTATION_STYLE_ASSIGNMENT((#5036));
#5035=PRESENTATION_STYLE_ASSIGNMENT((#5037));
#5036=SURFACE_STYLE_USAGE(.BOTH.,#5042);
#5037=SURFACE_STYLE_USAGE(.BOTH.,#5043);
#5038=SURFACE_STYLE_RENDERING_WITH_PROPERTIES($,#5050,(#5040));
#5039=SURFACE_STYLE_RENDERING_WITH_PROPERTIES($,#5051,(#5041));
#5040=SURFACE_STYLE_TRANSPARENT(0.);
#5041=SURFACE_STYLE_TRANSPARENT(0.);
#5042=SURFACE_SIDE_STYLE('',(#5044,#5038));
#5043=SURFACE_SIDE_STYLE('',(#5045,#5039));
#5044=SURFACE_STYLE_FILL_AREA(#5046);
#5045=SURFACE_STYLE_FILL_AREA(#5047);
#5046=FILL_AREA_STYLE('',(#5048));
#5047=FILL_AREA_STYLE('',(#5049));
#5048=FILL_AREA_STYLE_COLOUR('',#5050);
#5049=FILL_AREA_STYLE_COLOUR('',#5051);
#5050=COLOUR_RGB('',0.749019607843137,0.749019607843137,0.749019607843137);
#5051=COLOUR_RGB('',0.427450980392157,0.509803921568627,0.568627450980392);
ENDSEC;
END-ISO-10303-21;
